date,content
2025-09-20 08:16:33,"招金矿业拟3000万美元等值港元认购紫金国际港股IPO基石股份

9月19日，招金矿业（01818.HK）公告，公司全资附属公司斯派柯国际有限公司于9月17日与紫金国际及摩根士丹利、中信证券、中信里昂等机构签署基石投资协议，拟以3000万美元等值港元认购紫金国际在香港联交所主板首次公开发行的股份。 资料显示，紫金国际为紫金矿业全资附属公司，紫金矿业为招金矿业主要股东，因此本次交易构成关连交易。 据公告，本次认购股份将作为紫金国际国际发售的一部分，认购总金额为3000万美元等值港元（不包括经纪佣金及征费）。投资者将按发售价认购股份，相关资金将于上市日前以港元支付。招金矿业拟以内部财务资源拨付本次投资所需资金。 目前，招金矿业主要于中国从事黄金勘探、开采、矿石加工及冶炼以及加工和销售副产品。紫金国际是紫金矿业旗下专注于黄金开采、冶炼及销售的国际化平台，是全球黄金矿业中的重要参与者。 紫金国际于2025年6月30日的经审计权益总额约为42.36亿美元，且其在2022年至2024年的除税前利润分别为4.27亿美元、4.15亿美元及9.37亿美元。招金矿业表示，此次基石投资可进一步加深公司与紫金矿业的战略合作关系，有利于公司维持增长并为股东带来长期回报。 招金矿业2025年中报显示，上半年招金矿业实现收入69.73亿元，同比劲增50.69%；归母净利润同比大增160.44%至14.4亿元。该公司表示，上半年完成黄金总产量约为14,288.09千克，较去年同期增长约8.42%。公司在项目建设、勘查开发及生产运营等方面均取得了显著进展，特别是在瑞海项目的基建和夏甸金矿的深部开拓等方面。整体来看，各业务分部均表现出良好的增长势头，尤其是金矿业务，收入和利润均显著提升。此外，上半年招金矿业瑞海项目加快基建步伐，1.2万吨/日选矿系统一次性带水试车成功，初具工业化生产能力，这也意味着海域金矿的投产预期进一步强化。 今年以来，黄金矿业持续高景气，招金矿业股价一路攀升，截至目前该公司股价年内涨幅约156%，截至9月19日，报收28.02港元/股。（文章来源：证券时报网）"
2025-09-20 01:57:42,"资源型企业赴港上市加速 港股迎年内第二大IPO

2025年以来，港股IPO市场持续火热，生物医药、科技、消费等行业的明星企业不断上市。同时，一些资源型企业的上市之路也在明显加快，从黄金、有色金属到能源矿产领域，多家企业相继启动香港上市流程或已实现上市。 证券时报记者统计发现，2025年以来，已有3家资源型企业登陆港股市场，还有多家资源型企业正在等待聆讯。而在9月19日，紫金黄金国际也开启招股，预计9月29日正式在港上市，这也将是年内仅次于宁德时代的第二大IPO。 据了解，紫金黄金国际是由总市值超6000亿元的A股巨头紫金矿业拆分而来。公司继承了紫金矿业在低品位难采选资源勘查、开发及运营的管理竞争优势，成为一家全球领先的市场化的黄金开采公司，主要从事黄金的勘查、开采、选矿、冶炼、精炼及销售。 招股公告显示，本次紫金黄金国际招股价为71.59港元/股，全球发售预计募资总额为249.84亿港元，募资净额244.70亿港元。募资用途为用于现有矿山的升级及建设项目；用于支付收购哈萨克斯坦Raygorodok金矿的代价；用作一般公司用途；用于公司运营的所有矿山的勘探活动。 按照这一募资规模计算，紫金黄金国际将成为2025年以来，港股市场上仅次于宁德时代的第二大IPO。此前宁德时代港股上市时，预计募资310亿港元，但实际募资超过410亿港元，而目前排名第二的恒瑞医药实际募资为113亿港元。 证券时报记者统计发现，2025年以来共有赤峰黄金、南山铝业国际和佳鑫国际资源3家资源型企业在港成功上市。而在港股今年已递表的资源型新股名单中，仍有金浔股份、智汇矿业、创新国际、金岩高新、建邦高科5家公司。 值得注意的是，从目前寻求赴港上市的资源型企业来看，其上市目的多为开发国际市场或收购海外项目，因此更为国际化、投资者来源更加多元的香港资本市场成为这些企业的不二选择。 如赤峰黄金此前表示，赴港上市是为满足公司业务发展的需要，进一步提升公司治理水平和核心竞争力，深入推进公司全球化战略。 南山铝业此前也表示，通过分拆，南山铝业国际将借助香港资本市场融资登陆国际资本市场，独立上市将有助于南山铝业国际进一步深耕印尼及周边市场业务，持续开拓印尼铝土矿资源，通过提升在东南亚区域的影响力以更好地践行“一带一路”倡议，提升拟分拆资产的国际市场影响力以及上市公司的综合竞争力。 （文章来源：证券时报）"
2025-09-19 19:59:19,"紫金黄金国际拟赴港上市 或成年内第二大IPO丨港美股看台

2025年以来，港股IPO市场持续火热，生物医药、科技、消费等行业的明星企业不断上市。同时，一些资源型企业的上市之路也在明显加快，从黄金、有色金属到能源矿产领域，多家企业相继启动香港上市流程或已实现上市。 证券时报记者统计发现，2025年以来，已有3家资源型企业登陆港股市场，还有多家资源型企业正在等待聆讯过程中。而在9月19日，紫金黄金国际也开启招股，预计9月29日正式在港上市，这是港股年内仅次于宁德时代的第二大IPO。 港股迎年内第二大IPO 据了解，紫金黄金国际是由总市值超6000亿元的A股巨头紫金矿业拆分而来，是紫金矿业的所有黄金矿山（除中国之外）整合而成的全球领先黄金开采公司，公司继承了紫金矿业在低品位难采选资源勘查、开发及运营的管理竞争优势，成为一家全球领先的市场化黄金开采公司，主要从事黄金的勘查、开采、选矿、冶炼、精炼及销售。 招股公告显示，本次紫金黄金国际招股价为71.59港元/股，全球发售预计募资总额为249.84亿港元，募资净额244.70亿港元。募资用途为用于现有矿山的升级及建设项目；用于支付收购哈萨克斯坦Raygorodok金矿的代价；用作一般公司用途；用于公司运营的所有矿山的勘探活动。 按照这一募资规模计算，紫金黄金国际将成为2025年以来，港股市场上仅次于宁德时代的第二大IPO。此前宁德时代港股上市时，预计募资310亿港元，但实际募资超过410亿港元，而目前募资规模排第二名的恒瑞医药实际募资为113亿港元。 值得注意的是，随着港股市场不断火热，新股表现同样不俗，尤其是近期上市的资源型企业佳鑫国际资源首日涨幅更是超过177%，这也令投资者对紫金黄金国际的上市表现充满期待。 上市模式各有特点 证券时报记者统计发现，2025年以来共有赤峰黄金、南山铝业国际和佳鑫国际资源三家资源型企业在港成功上市。仔细翻阅三家的上市资料不难发现，上述三家公司的上市模式可谓是各有特点。 赤峰黄金是今年第一家以“先A后H”模式赴港上市的A股公司，对于赴港上市，赤峰黄金董事、总裁杨宜方此前表示：“这是我们真正成为一家国际化公司的重要里程碑，（中国香港）是一个面向国际市场的平台，希望能够吸引到更多国际资金参与公司的发展。当然这同时也是一个压力，因为我们面向国际化市场的时候，就面临更多合规要求，公司本身也要能够跟得上国际化标准。” 南山铝业国际则是由A股公司南山铝业分拆而来。公开资料显示，南山铝业国际是一家东南亚的氧化铝制造商，公司主要开发和采购印尼丰富的铝土矿和煤炭资源，采用低温拜耳法生产氧化铝，并销售冶金级氧化铝。 佳鑫国际资源则是一家扎根于哈萨克斯坦的钨矿公司，佳鑫国际资源同时是首家在香港和哈萨克斯坦的阿斯塔纳国际交易所(AIX)双重主要上市的公司。佳鑫国际资源的巴库塔钨矿亦是全球第四大三氧化钨矿产资源量钨矿（包括露天钨矿及地下钨矿），在单一钨矿中拥有世界上最大的设计钨矿产能。 多家企业排队上市 目前，在港股已递表的资源型新股名单中，仍有金浔股份、智汇矿业、创新国际、金岩高新、建邦高科，这5家公司均是在今年递表。 值得注意的是，从目前寻求赴港上市的资源型企业来看，其上市目的多是为了开发国际市场或收购海外项目，因此更为国际化、投资者来源更丰富的香港资本市场成为这些企业的不二选择。 如赤峰黄金此前则表示，赴港上市是为满足公司业务发展的需要，进一步提升公司治理水平和核心竞争力，深入推进公司全球化战略。 南山铝业此前就曾表示，通过分拆，南山铝业国际将借助香港资本市场融资登陆国际资本市场，独立上市将有助于南山铝业国际进一步深耕印尼及周边市场业务，持续开拓印尼铝土矿资源优势，通过提升在东南亚区域的影响力以更好地践行“一带一路”建设，提升拟分拆资产的国际市场影响力以及上市公司的综合竞争力。 而佳鑫国际资源则指出，募集资金计划用于支付巴库塔钨矿项目尾矿库开发的资本成本和巴库塔钨矿项目选矿厂建立的资本支出，拨付为公司二期商业生产建立矿石分选系统，发展仲钨酸铵产能等。（文章来源：证券时报）"
2025-09-19 19:41:15,"紫金黄金国际拟赴港上市 或成年内第二大IPO

2025年以来，港股IPO市场持续火热，生物医药、科技、消费等行业的明星企业不断上市。同时，一些资源型企业的上市之路也在明显加快，从黄金、有色金属到能源矿产领域，多家企业相继启动香港上市流程或已实现上市。 证券时报记者统计发现，2025年以来，已有3家资源型企业登陆港股市场，还有多家资源型企业正在等待聆讯过程中。而在9月19日，紫金黄金国际也开启招股，预计9月29日正式在港上市，这是港股年内仅次于宁德时代的第二大IPO。 港股迎年内第二大IPO 据了解，紫金黄金国际是由总市值超6000亿元的A股巨头紫金矿业拆分而来，是紫金矿业的所有黄金矿山（除中国之外）整合而成的全球领先黄金开采公司，公司继承了紫金矿业在低品位难采选资源勘查、开发及运营的管理竞争优势，成为一家全球领先的市场化黄金开采公司，主要从事黄金的勘查、开采、选矿、冶炼、精炼及销售。 招股公告显示，本次紫金黄金国际招股价为71.59港元/股，全球发售预计募资总额为249.84亿港元，募资净额244.70亿港元。募资用途为用于现有矿山的升级及建设项目；用于支付收购哈萨克斯坦Raygorodok金矿的代价；用作一般公司用途；用于公司运营的所有矿山的勘探活动。 按照这一募资规模计算，紫金黄金国际将成为2025年以来，港股市场上仅次于宁德时代的第二大IPO。此前宁德时代港股上市时，预计募资310亿港元，但实际募资超过410亿港元，而目前募资规模排第二名的恒瑞医药实际募资为113亿港元。 值得注意的是，随着港股市场不断火热，新股表现同样不俗，尤其是近期上市的资源型企业佳鑫国际资源首日涨幅更是超过177%，这也令投资者对紫金黄金国际的上市表现充满期待。 上市模式各有特点 证券时报记者统计发现，2025年以来共有赤峰黄金、南山铝业国际和佳鑫国际资源三家资源型企业在港成功上市。仔细翻阅三家的上市资料不难发现，上述三家公司的上市模式可谓是各有特点。 赤峰黄金是今年第一家以“先A后H”模式赴港上市的A股公司，对于赴港上市，赤峰黄金董事、总裁杨宜方此前表示：“这是我们真正成为一家国际化公司的重要里程碑，（中国香港）是一个面向国际市场的平台，希望能够吸引到更多国际资金参与公司的发展。当然这同时也是一个压力，因为我们面向国际化市场的时候，就面临更多合规要求，公司本身也要能够跟得上国际化标准。” 南山铝业国际则是由A股公司南山铝业分拆而来。公开资料显示，南山铝业国际是一家东南亚的氧化铝制造商，公司主要开发和采购印尼丰富的铝土矿和煤炭资源，采用低温拜耳法生产氧化铝，并销售冶金级氧化铝。 佳鑫国际资源则是一家扎根于哈萨克斯坦的钨矿公司，佳鑫国际资源同时是首家在香港和哈萨克斯坦的阿斯塔纳国际交易所(AIX)双重主要上市的公司。佳鑫国际资源的巴库塔钨矿亦是全球第四大三氧化钨矿产资源量钨矿（包括露天钨矿及地下钨矿），在单一钨矿中拥有世界上最大的设计钨矿产能。 多家企业排队上市 目前，在港股已递表的资源型新股名单中，仍有金浔股份、智汇矿业、创新国际、金岩高新、建邦高科，这5家公司均是在今年递表。 值得注意的是，从目前寻求赴港上市的资源型企业来看，其上市目的多是为了开发国际市场或收购海外项目，因此更为国际化、投资者来源更丰富的香港资本市场成为这些企业的不二选择。 如赤峰黄金此前则表示，赴港上市是为满足公司业务发展的需要，进一步提升公司治理水平和核心竞争力，深入推进公司全球化战略。 南山铝业此前就曾表示，通过分拆，南山铝业国际将借助香港资本市场融资登陆国际资本市场，独立上市将有助于南山铝业国际进一步深耕印尼及周边市场业务，持续开拓印尼铝土矿资源优势，通过提升在东南亚区域的影响力以更好地践行“一带一路”建设，提升拟分拆资产的国际市场影响力以及上市公司的综合竞争力。 而佳鑫国际资源则指出，募集资金计划用于支付巴库塔钨矿项目尾矿库开发的资本成本和巴库塔钨矿项目选矿厂建立的资本支出，拨付为公司二期商业生产建立矿石分选系统，发展仲钨酸铵产能等。（文章来源：证券时报）"
2025-09-19 17:30:42,"20.29亿主力资金净流入，金属钴概念涨0.93%

截至9月19日收盘，金属钴概念上涨0.93%，位居概念板块涨幅第5，板块内，25股上涨，赣锋锂业涨停，腾远钴业、蓝晓科技、兴业银锡等涨幅居前，分别上涨7.30%、5.16%、3.23%。跌幅居前的有道氏技术、天奇股份、大地熊等，分别下跌4.85%、4.11%、2.78%。 今日涨跌幅居前的概念板块概念今日涨跌幅（%）概念今日涨跌幅（%）光刻机2.09减速器-2.68民爆概念1.70PEEK材料-2.65盐湖提锂1.11人形机器人-2.17雅下水电概念1.01工业母机-2.11金属钴0.93特斯拉概念-1.94航运概念0.83天津自贸区-1.87赛马概念0.82汽车拆解概念-1.87新疆振兴0.78华为汽车-1.87光刻胶0.77芬太尼-1.74俄乌冲突概念0.76两轮车-1.71 资金面上看，今日金属钴概念板块获主力资金净流入20.29亿元，其中，20股获主力资金净流入，6股主力资金净流入超5000万元，净流入资金居首的是赣锋锂业，今日主力资金净流入17.96亿元，净流入资金居前的还有华友钴业、中国电建、寒锐钴业等，主力资金分别净流入4.49亿元、1.88亿元、9475.56万元。 资金流入比率方面，赣锋锂业、中国电建、华友钴业等流入比率居前，主力资金净流入率分别为22.75%、12.20%、9.67%。（数据宝） 金属钴概念资金流入榜代码简称今日涨跌幅（%）今日换手率（%） 主力资金流量（万元）主力资金净流入比率（%）002460赣锋锂业10.0012.62179643.5722.75603799华友钴业1.964.9244909.189.67601669中国电建2.142.0718830.0812.20300618寒锐钴业3.1610.099475.567.04300919中伟股份1.552.195928.766.68002601龙佰集团1.981.615748.249.13002340格林美0.402.672438.722.39000762西藏矿业2.423.882346.035.18000688国城矿业1.860.781198.289.23000426兴业银锡3.232.121094.861.18688005容百科技-0.113.87956.261.23000060中金岭南0.381.74818.212.42603257中国瑞林2.5816.89632.862.34601390中国中铁0.180.35620.691.57301219腾远钴业7.306.15488.330.55601969海南矿业1.330.78393.253.06600490鹏欣资源0.823.05211.020.57000655金岭矿业0.341.04124.552.31301265华新环保-0.362.0185.752.27002645华宏科技-1.013.3238.600.14000758中色股份0.162.12-104.85-0.39002203海亮股份0.731.52-207.47-0.52600549厦门钨业0.772.50-375.83-0.34600980北矿科技-0.632.55-732.63-6.47002266浙富控股0.251.46-1009.81-3.59600711盛屯矿业0.482.23-1168.82-2.02000009中国宝安-0.481.34-1488.82-4.13300487蓝晓科技5.162.54-1907.25-4.35300477ST合纵-2.365.16-1978.71-18.56688077大地熊-2.783.10-2316.31-18.17300073当升科技-0.746.83-2784.66-1.45601618中国中冶-0.300.49-3028.17-10.33601899紫金矿业2.460.98-6621.23-1.32002009天奇股份-4.118.07-6800.59-13.42000657中钨高新-0.722.96-9164.54-13.62603993洛阳钼业1.050.97-9527.20-4.51300409道氏技术-4.8511.36-23858.40-12.11（文章来源：证券时报网）"
2025-09-19 17:30:34,"盐湖提锂概念涨1.11%，主力资金净流入17股

截至9月19日收盘，盐湖提锂概念上涨1.11%，位居概念板块涨幅第3，板块内，31股上涨，万里石、赣锋锂业、*ST正平等涨停，蓝晓科技、天齐锂业、盛新锂能等涨幅居前，分别上涨5.16%、4.31%、3.02%。跌幅居前的有富淼科技、智慧农业、久吾高科等，分别下跌5.06%、3.02%、2.31%。 今日涨跌幅居前的概念板块概念今日涨跌幅（%）概念今日涨跌幅（%）光刻机2.09减速器-2.68民爆概念1.70PEEK材料-2.65盐湖提锂1.11人形机器人-2.17雅下水电概念1.01工业母机-2.11金属钴0.93特斯拉概念-1.94航运概念0.83天津自贸区-1.87赛马概念0.82汽车拆解概念-1.87新疆振兴0.78华为汽车-1.87光刻胶0.77芬太尼-1.74俄乌冲突概念0.76两轮车-1.71 资金面上看，今日盐湖提锂概念板块获主力资金净流入20.95亿元，其中，17股获主力资金净流入，5股主力资金净流入超5000万元，净流入资金居首的是赣锋锂业，今日主力资金净流入17.96亿元，净流入资金居前的还有华友钴业、天齐锂业、亿纬锂能等，主力资金分别净流入4.49亿元、3.83亿元、1.57亿元。 资金流入比率方面，赣锋锂业、万邦达、华友钴业等流入比率居前，主力资金净流入率分别为22.75%、12.45%、9.67%。（数据宝） 盐湖提锂概念资金流入榜代码简称今日涨跌幅（%）今日换手率（%） 主力资金流量（万元）主力资金净流入比率（%）002460赣锋锂业10.0012.62179643.5722.75603799华友钴业1.964.9244909.189.67002466天齐锂业4.316.3338260.989.10300014亿纬锂能1.324.2215657.152.76300919中伟股份1.552.195928.766.68002240盛新锂能3.023.894189.446.77002785万里石10.0015.693321.063.60000762西藏矿业2.423.882346.035.18000792盐湖股份1.171.091534.041.34002539云图控股1.121.51981.436.81300055万邦达0.001.89870.9012.45603257中国瑞林2.5816.89632.862.34600773西藏城投1.310.90586.066.40600251冠农股份2.081.60407.433.96601068中铝国际0.630.42154.052.99300774倍杰特0.952.3136.540.85600338西藏珠峰0.634.6523.530.04301092争光股份0.502.28-110.55-2.65688718唯赛勃0.580.70-189.60-10.10688101三达膜0.310.72-205.91-5.30688350富淼科技-5.064.62-265.58-2.01000816智慧农业-3.023.50-316.38-1.95600444国机通用0.002.72-330.50-4.74002895川恒股份1.671.30-395.41-1.96300172中电环保-0.562.36-404.63-6.20002140东华科技-1.323.41-475.25-2.27000920沃顿科技1.322.64-496.15-3.66000155川能动力0.581.41-530.78-1.95000546金圆股份-1.592.37-617.18-7.52000408藏格矿业0.990.59-677.64-1.34600499科达制造0.961.02-793.88-3.53603867新化股份0.202.16-811.76-6.43300070碧水源-0.900.95-865.51-6.11300631久吾高科-2.315.63-984.31-4.29300487蓝晓科技5.162.54-1907.25-4.35002141贤丰控股-1.552.66-2310.35-21.99300432富临精工2.969.78-5079.82-1.87300263隆华科技-2.103.65-5531.81-18.19601899紫金矿业2.460.98-6621.23-1.32601168西部矿业0.161.41-7127.56-11.13300207欣旺达-1.325.94-7617.74-2.51603993洛阳钼业1.050.97-9527.20-4.51603843*ST正平4.9720.94-10248.11-15.20002594比亚迪-0.571.36-25556.45-4.93（文章来源：证券时报网）"
2025-09-19 17:22:35,"有色金属行业今日净流入资金8.72亿元，赣锋锂业等7股净流入资金超5000万元

沪指9月19日下跌0.30%，申万所属行业中，今日上涨的有16个，涨幅居前的行业为煤炭、有色金属，涨幅分别为1.97%、1.19%。有色金属行业位居今日涨幅榜第二。跌幅居前的行业为汽车、医药生物，跌幅分别为1.94%、1.41%。 资金面上看，两市主力资金全天净流出587.33亿元，今日有8个行业主力资金净流入，有色金属行业主力资金净流入规模居首，该行业今日上涨1.19%，全天净流入资金8.72亿元，其次是传媒行业，日涨幅为0.49%，净流入资金为6.92亿元。 主力资金净流出的行业有23个，计算机行业主力资金净流出规模居首，全天净流出资金107.23亿元，其次是汽车行业，净流出资金为79.29亿元，净流出资金较多的还有机械设备、电力设备、医药生物等行业。 有色金属行业今日上涨1.19%，全天主力资金净流入8.72亿元，该行业所属的个股共137只，今日上涨的有74只，涨停的有2只；下跌的有61只。以资金流向数据进行统计，该行业资金净流入的个股有48只，其中，净流入资金超5000万元的有7只，净流入资金居首的是赣锋锂业，今日净流入资金17.96亿元，紧随其后的是华友钴业、天齐锂业，净流入资金分别为4.49亿元、3.83亿元。有色金属行业资金净流出个股中，资金净流出超5000万元的有13只，净流出资金居前的有北方稀土、中国稀土、北方铜业，净流出资金分别为6.55亿元、2.28亿元、1.69亿元。 有色金属行业资金流入榜 代码简称今日涨跌幅（%）今日换手率（%）主力资金流量（万元）002460赣锋锂业10.0012.62179643.57603799华友钴业1.964.9244909.18002466天齐锂业4.316.3338260.98600392盛和资源2.687.2837337.01300618寒锐钴业3.1610.099475.56601600中国铝业1.311.437709.52601137博威合金1.654.687207.11603978深圳新星10.0011.394752.87002716湖南白银1.497.884482.35600888新疆众和4.674.354291.46002240盛新锂能3.023.894189.44000807云铝股份1.010.872726.02600489中金黄金1.161.262565.02002167东方锆业0.696.432463.65000762西藏矿业2.423.882346.03001337四川黄金1.544.452182.83002540亚太科技3.633.572141.75600531豫光金铅1.804.892113.44000933神火股份3.032.481639.79688456有研粉材4.463.691428.94 有色金属行业资金流出榜 代码简称今日涨跌幅（%）今日换手率（%）主力资金流量（万元）600111北方稀土-2.183.91-65482.12000831中国稀土-1.784.04-22803.80000737北方铜业-5.127.60-16902.41300748金力永磁-2.624.33-16265.73603993洛阳钼业1.050.97-9527.20000657中钨高新-0.722.96-9164.54601609金田股份-3.794.39-8486.39300224正海磁材-2.433.37-8073.14300328宜安科技-2.198.44-7766.95601168西部矿业0.161.41-7127.56600362江西铜业-0.241.90-7049.81601899紫金矿业2.460.98-6621.23600366宁波韵升-2.053.91-6176.96000960锡业股份0.731.77-4898.05300697电工合金-2.518.96-4456.29002501利源股份-6.057.67-3971.69000630铜陵有色1.372.22-3967.23000969安泰科技-1.772.32-3944.61600547山东黄金1.111.01-3865.17600255鑫科材料-1.704.36-3844.87（文章来源：证券时报网）"
2025-09-19 10:32:23,"紫金矿业子公司紫金黄金国际拟香港联交所上市 发行价71.59港元/股

上证报中国证券网讯（记者王乔琪）紫金矿业9月19日早间发布公告，公司收到所属子公司紫金黄金国际有限公司（简称“紫金黄金国际”）通知，其已于当日在香港联交所网站刊登发行上市的招股说明书。 紫金黄金国际本次全球发售基础发行股数为3.49亿股（视乎超额配售权行使与否而定；约占全球发售完成后已发行的紫金黄金国际股份总数13.30%），其中，初步安排香港公开发售3489.91万股（可予重新分配），约占全球发售基础发行股数的10%；国际发售3.14亿股（包括优先发售项下的1744.96万股预留股份，可予重新分配及视乎超额配售权行使与否而定），约占全球发售基础发行股数的90%。 紫金黄金国际本次发行的价格确定为71.59港元/股。紫金黄金国际香港公开发售于2025年9月19日开始，预计于2025年9月24日结束。紫金黄金国际本次发行的新股预计于2025年9月29日在香港联交所挂牌并开始上市交易。（文章来源：上海证券报·中国证券网）"
2025-09-19 10:20:13,"招金矿业：拟3000万美元认购紫金国际港股IPO基石股份

中证智能财讯招金矿业（01818）9月19日早间公告，公司全资附属公司斯派柯国际有限公司于9月17日与紫金国际及摩根士丹利、中信证券、中信里昂等机构签署基石投资协议，拟以3000万美元等值港元认购紫金国际在香港联交所主板首次公开发行的股份。 紫金国际为紫金矿业全资附属公司，而紫金矿业为公司主要股东，故本次交易构成关连交易。 本次认购股份将作为紫金国际国际发售的一部分，认购总金额为3000万美元等值港元（不包括经纪佣金及征费）。投资者将按发售价认购股份，相关资金将于上市日前以港元支付。公司拟以内部财务资源拨付本次投资所需资金。 招金矿业主要于中国从事黄金勘探、开采、矿石加工及冶炼以及加工和销售副产品。紫金国际是紫金矿业旗下专注于黄金开采、冶炼及销售的国际化平台，是全球黄金矿业中的重要参与者。 招金矿业认为，此次基石投资可进一步加深公司与紫金矿业的战略合作关系，有利于公司维持增长并为股东带来长期回报。（文章来源：中国证券报·中证网）"
2025-09-19 10:00:38,"招金矿业附属3000万美元“押注”大股东旗下紫金国际IPO

9月19日，招金矿业（01818）发布公告，于2025年9月17日，公司的全资附属公司斯派柯国际有限公司（投资者）与紫金国际（发行人）、摩根士丹利、中信证券及中信里昂订立基石投资协议。 根据协议，投资者有条件同意按发售价认购投资者股份，投资金额预计为3000万美元之等值港元金额（不包括经纪佣金及征费）。紫金矿业通过其全资附属公司，即紫金西北及金山（香港）间接持有紫金国际100%股份，紫金矿业为本公司之主要股东。紫金国际为公司的关联人士，故本次交易构成公司的关联交易。 紫金国际于2025年6月30日的经审计权益总额约为42.36亿美元，且其在2022年至2024年的除税前利润分别为4.27亿美元、4.15亿美元及9.37亿美元。公司董事会认为基石投资符合公司的整体利益，有助于维持公司的增长及为股东带来长期回报。（文章来源：财中社）"
2025-09-19 09:38:41,"每股71.59港元 紫金矿业旗下紫金黄金国际启动港股公开发售，9月29日挂牌交易

9月19日，紫金矿业（601899/02899）发布公告，拟分拆所属子公司紫金黄金国际有限公司至香港联合交易所主板上市。 公告指出，紫金黄金国际已于2025年9月19日在香港联交所网站刊登招股说明书，计划全球发售基础发行股数为3.49亿股，约占全球发售完成后已发行股份总数的13.30%。其中，香港公开发售3490万股，约占基础发行股数的10%；国际发售3.14亿股，约占基础发行股数的90%。 此外，公告提到，整体承销商可行使超额配售权，要求紫金黄金国际按发售价配发最多5235万股，若超额配售权悉数行使，最大发行股数将达到4.01亿股，约占全球发售完成及超额配售权行使后已发行股份总数的15%。 本次发行的价格确定为71.59港元/股，香港公开发售于2025年9月19日开始，预计于2025年9月24日结束，新股预计于2025年9月29日挂牌交易。 2025年中期，紫金矿业实现收入1677.11亿元，归母净利润232.92亿元。（文章来源：财中社）"
2025-09-19 08:57:47,"紫金黄金国际(02259.HK) 9月19日—9月24日招股

紫金黄金国际(02259.HK)发布公告，公司拟全球发售3.49亿股股份，其中香港发售股份3489.91万股，国际发售股份3.14亿股，另有5234.86万股超额配股权。招股日期为9月19日至9月24日，最高发售价71.59港元，每手买卖单位100股，入场费约7231.19港元。 全球发售预计募资总额为249.84亿港元，募资净额244.70亿港元，募资用途为用于现有矿山的升级及建设项目；用于支付收购哈萨克斯坦Raygorodok金矿的代价；用作一般公司用途；用于公司运营的所有矿山的勘探活动。 公司引入GIC Private Limited、HHLR Advisors, Ltd.、BlackRock, Inc.、Schroders、富达基金（香港）有限公司等基石投资者，将以发售价共认购数量下限约1.74亿股可购买发售的股份。 紫金黄金国际预计于2025年9月29日在主板上市，摩根士丹利亚洲有限公司、中信证券（香港）有限公司为联席保荐人。 公司是紫金矿业的所有黄金矿山(除中国之外)整合而成的全球领先黄金开采公司，公司继承了紫金矿业在低品位难采选资源勘查、开发及运营的管理竞争优势，成为一家全球领先的市场化的黄金开采公司，主要从事黄金的勘查、开采、选矿、冶炼、精炼及销售。公司通过全球并购整合高潜力黄金矿山资源，并运用行业领先的自主地质勘查、研发、工程、建设和矿山运营能力，以及先进的国际环境、社会和治理(「ESG」)系统，使公司能够实现持续增储增产与高效运营。 公司2023年度、2024年度、2025年半年度截至6月30日止，净利润分别为2.30亿美元、4.81亿美元、5.20亿美元，同比变动幅度为25.43%、108.94%、142.69%。（数据宝）（文章来源：证券时报网）"
2025-09-19 08:25:56,"新股招股 | 紫金黄金国际今起招股，GIC、高瓴、贝莱德等超豪华基石加持

紫金黄金国际(02259.HK)发布公告，公司拟全球发售约3.49亿股股份(视乎超额配股权行使与否而定)，中国香港发售股份3489.91万股，国际发售股份约3.14亿股；2025年9月19日至9月24日招股；发售价将为每股发售股份71.59港元，每手买卖单位为100股，摩根士丹利及中信证券为联席保荐人；预期股份将于2025年9月29日开始在联交所买卖。 公司已订立基石投资协议，据此，基石投资者已同意遵照若干条件，按发售价认购或促使其指定实体认购可购入的若干数目的发售股份，总金额约为16亿美元(或约124.68亿港元)。基于发售价每股71.59港元(即发售价)计算，基石投资者将认购的发售股份总数为约1.74亿股，相当于根据全球发售发售股份的49.9%及紧随全球发售完成后已发行股份的6.6%(假设超额配股权未获行使)。 基石投资者包括GIC Private Limited(“GIC”)、HHLR Advisors, Ltd.(“HHLRA”，Hillhouse Group旗下成员)、BlackRock、Schroders、Perseverance AssetManagement、上海高毅及中信证券国际资本管理有限公司(就中信证券背对背总回报掉期及中信证券客户总回报掉期而言)、富达基金、上海景林及中信证券国际资本管理有限公司(就中信证券背对背总回报掉期及中信证券客户总回报掉期而言)、香港景林、Baillie Gifford、中国太保投资者、泰康人寿、汇添富投资者、UBS AM Singapore、广发国际 、Dao Yi、New Golden Future Limited、加皇环球资产管理(亚洲)有限公司、IHKL、CPE River、Oaktree、未来资产金融集团、富国香港及富国基金、IDG Breyer Fund、Arc Avenue、GBAHIL、Millennium、高亚投资有限公司(“高亚”)、斯派柯国际有限公司(“斯派柯”，由招金矿业(01818.HK)全资拥有)。 招股书显示，紫金黄金国际是紫金矿业的所有黄金矿山(除中国之外)整合而成的全球领先黄金开采公司。公司继承了紫金矿业在低品位难采选资源勘查、开发及运营的管理竞争优势，成为一家全球领先的市场化的黄金开采公司，主要从事黄金的勘查、开采、选矿、冶炼、精炼及销售。 公司通过全球并购整合优质黄金矿山资源，并运用行业领先的自主地质勘查、研究及开发(研发)、工程、建设和矿山运营能力，以及先进的国际环境、社会和治理(ESG)系统，使公司能够实现持续增储增产与高效运营。 截至最后可行日期，紫金黄金国际在中亚、南美洲、大洋洲和非洲等黄金资源富集区持有8座黄金矿山的权益，即塔吉克斯坦吉劳/塔罗金矿、吉尔吉斯斯坦左岸金矿、澳大利亚诺顿金田金矿、圭亚那奥罗拉金矿、哥伦比亚武里蒂卡金矿(透过哥伦比亚委托安排)、苏里南罗斯贝尔金矿、加纳阿基姆金矿及巴布亚新几内亚波格拉金矿。 于该等黄金矿山当中，公司控制及运营7座矿山及持有巴布亚新几内亚波格拉金矿的少数权益。通过针对每座矿山的独特特征调整运营模式，公司的矿山生产金精矿、合质金及金锭。 通过持续的资源开发和运营效率的提升，紫金黄金国际已成功在全球黄金开采行业中确立了领先地位，并取得强劲增长的往绩记录，如下图所示： 招股书显示，紫金黄金国际是全球黄金开采行业增长最快的公司之一。从2007年收购塔吉克斯坦吉劳/塔罗金矿起步，通过全球收购及多个大型黄金矿山的营运强化及扩产，扩大公司的业务。 根据弗若斯特沙利文的资料，紫金黄金国际截至2024年12月31日的黄金储量和2024年的黄金产量分别位居全球第九和第十一。2022年至2024年黄金产量的复合年增长率达到21.4%，母公司拥有人应占净利润的复合年增长率为61.9%。 紫金黄金国际的控股股东紫金矿业是一家全球领先的以矿产勘查、开发为主的矿业公司。截至2024年12月31日，紫金矿业在全球17个国家拥有超过30个大型的矿业项目，涵盖金、铜、锂、锌等金属。紫金矿业拥有的资源储量和产量、营业收入及利润、资产总值及市值均已进入全球矿业公司前五位。 业绩方面，公司于2022年、2023年及2024年的收入分别为18.18亿美元、22.62亿美元、29.90亿美元，复合年增长率达28.2%。于2022年、2023年及2024年，公司的归母利润分别为1.84亿美元、2.30亿美元及4.81亿美元，复合年增长率达61.9%。截至2024年及2025年6月30日止六个月，收入分别为14.03亿美元及19.97亿美元，归母利润分别为2.14亿美元及5.20亿美元。 据招股书，自2024年12月31日以来，根据伦敦金银市场协会(LBMA)黄金价格，黄金现货价格已由2025年1月2日的每盎司2,644.6美元稳步上涨至2025年6月26日的每盎司3,340.2美元。黄金价格波动可能会影响公司2025年及未来期间的经营业绩及财务表现。 假设超额配股权未获行使，公司估计全球发售所得款项净额将约为244.699亿港元。 紫金黄金国际拟将全球发售所得款项按以下用途及金额使用，惟会根据公司不断变化的业务需求及市场状况进行调整：所得款项净额约33.4%预期将用于支付收购哈萨克斯坦Raygorodok金矿的代价；所得款项净额约50.1%预期将于未来五年内用于现有矿山的升级及建设项目，以全面提升公司的产能；所得款项净额约6.5%预期将于未来五年内用于公司运营的所有矿山的勘探活动，以充分实现公司的增长潜力。公司将继续加强地质勘探工作，扩大现有矿山的勘探活动，同时在矿区外围勘探新矿山；以及所得款项净额约10%预期将用作一般公司用途。 （文章来源：哈富证券）"
2025-09-18 17:52:17,"“美联储概念股”北方铜业创28年新高

9月18日，美联储宣布2025年首次降息，美国联邦公开市场委员会（FOMC）议息会议决定降息25个基点。 近期，美联储降息也成为了有色金属期货、股票走势的最重要风向标，尤其是金融属性较强的铜、黄金。 在某投资者论坛，更有投资者将其北方铜业视作“美联储概念股”。 而就在美联储降息落地的前一日，北方铜业刚刚收获了一个涨停。 当天，公司最高价升至15.25元，年内涨幅达到97.4%的同时，创出公司1997年4月上市以来的28年新高。9月18日，北方铜业股价虽然有所回落，但收盘价仍然达到14.45元。 北方铜业前身为南风化工集团，后因重大资产重组事项主营业务发生变更，并于2022年更名为北方铜业。 值得注意的是，该公司年初刚刚完成了一笔9.7亿元左右的再融资，彼时发行股票数量为1.32亿股，发行价格仅为7.3元/股。 如今随着公司股价上涨，前期参与股份认购的机构获益颇丰。按照公司最新股价计算，认购机构在短短三个季度已经取得了一倍左右的收益。 而在今年7月份，以上年初时增发的股份便已经解除限售。 杠杆资金流入明显 因为有上述资产重组事件，北方铜业的历史业绩走势不够线性。 2021年开始，上市公司的营收、利润等主要经营数据出现爆发式增长，其中规模更是由10亿元级别直接膨胀至百亿规模。 重组完成后，北方铜业主营业务由无机盐化工业务，变更为铜金属的开采、冶炼、销售及深加工业务，具体产品包括阴极铜、金和银等稀贵金属，这构成了公司主要的业绩来源。 定期报告数据显示，2024年，公司阴极铜、贵金属产品营收占比分别达到79.97%、15.41%。而公司铜板块的核心载体，则是一座自有矿山铜矿峪矿，以及32万吨/年的阴极铜产能。 不过，与紫金矿业等头部矿商相比，北方铜业的“一体化”程度较低，铜精矿等原料需要外部采购。 以今年上半年为例，北方铜业近期接受调研时给出的数据显示，公司上半年生产铜精矿含铜2.17万吨，电解铜13.7万吨。 “原材料采购以外购铜原料为主，为释放公司电解车间产能，公司会根据情况采购一定数量的杂铜及粗铜作为补充，实际采购数量依市场情况而定。”北方铜业定期报告指出。 以上原料结构，使得公司铜产品的盈利能力与行业龙头相差明显。 2024年，北方铜业的阴极铜产品毛利率仅为7.78%，而同期“一体化”程度较高的企业毛利率则普遍在40%以上，西部矿业也达到17.44%。 所以，单纯从盈利角度比较，北方铜业的利润率介于上游矿商、下游冶炼企业之间，属于是“半矿商、半冶炼”类型的铜企。 上半年，即便基金小幅增持了北方铜业，但是放在二级市场上，公司并不算是机构重点跟踪的对象。 以Wind收录的研报为例，今年尚无卖方机构覆盖北方铜业并出具相关报告，然而公司股价涨幅却远远跑赢了多数铜业公司。 据统计，年初至9月17日，申万铜板块的16家样本公司平均涨幅为62%，北方铜业涨幅则达到97.4%左右，位列同行业第四位。 基本面也只是股价波动的诸多变量之一。当市场情绪升温时，往往一个好的公司名字就可能引发资金炒作。 在近两个月的加速上涨过程中，北方铜业便吸引了不少杠杆资金。 相关数据显示，6月末，北方铜业的融资余额保持在4亿元左右，而到9月中旬不断刷新历史时，其融资余额快速提升至7亿元以上。 9月17日，北方铜业涨停当天，公司成交额为40.67亿元，单日融资买入额达到5亿元。公司融资余额，也增加至8.57亿元，较6月末时候增加倍余，与公司股价一同创出历史新高。 估值超行业龙头 目前，北方铜业已拥有从勘探、开采、选矿、冶炼到深加工的一体化产业链。 在前述铜矿、冶炼业务的基础上，北方铜业也在谋求向产业链下游进一步加码，并于年初进行了一笔9.7亿元的再融资，用于建设年产5万吨高性能压延铜带箔、200万平方米覆铜板等项目。 根据历史公告，上述再融资发行股票数量为1.32亿股，发行股票价格为7.3元/股。 如今，随着公司股价不断刷新历史新高，年初获得股份配售的诺德基金、财通基金和自然人徐建强等18名投资者，在,短时间内取得了可观收益。 以获配金额最高的诺德基金为例，公司获配金额为2.01亿元。 9月18日，北方铜业股价虽然有所回落，但收盘价仍然达到14.45元，如果按照前述增发价格估算，当前收益率已经达到98%左右。 此外，由于年初再融资的股份锁定期仅为6个月，上述增发的1.32亿股已经于今年7月中旬解除限售。 短时间内取得的超额收益，加上美联储降息交易预期的落地，前述参与增发机构出售股份的可能性随之增加。 实际上，与其他铜业公司相比，二级市场很少会给予北方铜业如此高的估值。 相关数据显示，2022年至2024年，北方铜业每股收益均保持在0.35元，2024年、2025年上半年每股收益为0.26元。 由于实在缺少卖方研报覆盖，目前Wind也没有对公司2025年全年的盈利预测。而如果按照相对乐观的预期，并将上半年业绩进行年化估算，全年每股收益可以达到0.52元。 截至9月18日收盘，北方铜业最新价为14.45元，以此估算的市盈率在27.8倍左右。 而机构覆盖力度更大的其他头部铜业公司，采用Wind卖方一致盈利预测结果与最新价计算的最新市盈率，普遍保持在17倍以下。 以申万铜板块市值最高的前五家公司为例，紫金矿业、洛阳钼业、江西铜业、铜陵有色与西部矿业，最新市盈率分别为14.98倍、16.29倍、12.48倍、16.26倍和11.96倍，平均值则为14.39倍。 上述背景下，北方铜业较高的估值水平能否延续，仍待后续市场给出答案。（文章来源：21世纪经济报道）"
2025-09-18 17:23:20,"有色金属行业资金流出榜：北方稀土、紫金矿业等净流出资金居前

沪指9月18日下跌1.15%，申万所属行业中，今日上涨的有3个，涨幅居前的行业为电子、通信、社会服务，涨幅分别为0.93%、0.19%、0.03%。跌幅居前的行业为有色金属、综合，跌幅分别为3.56%、2.85%。有色金属行业位居今日跌幅榜首位。 资金面上看，两市主力资金全天净流出1084.07亿元，主力资金净流入的行业仅有2个，煤炭行业净流入资金2.35亿元；社会服务行业净流入资金3223.90万元。 主力资金净流出的行业有29个，非银金融行业主力资金净流出规模居首，全天净流出资金189.70亿元，其次是有色金属行业，净流出资金为127.48亿元，净流出资金较多的还有电力设备、计算机、电子等行业。 有色金属行业今日下跌3.56%，全天主力资金净流出127.48亿元，该行业所属的个股共137只，今日上涨的有9只；下跌的有126只。以资金流向数据进行统计，该行业资金净流入的个股有14只，净流入资金居首的是山金国际，今日净流入资金7743.13万元，紧随其后的是新莱福、深圳新星，净流入资金分别为1732.85万元、1409.86万元。有色金属行业资金净流出个股中，资金净流出超亿元的有37只，净流出资金居前的有北方稀土、紫金矿业、中国稀土，净流出资金分别为14.87亿元、10.38亿元、6.09亿元。（数据宝） 有色金属行业资金流入榜代码简称今日涨跌幅（%）今日换手率（%）主力资金流量（万元）000975山金国际-3.191.777743.13301323新莱福-1.245.851732.85603978深圳新星-0.108.781409.86002295精艺股份-1.115.341081.64601702华峰铝业-3.101.01927.97002160常铝股份-4.254.31782.38688102斯瑞新材0.311.83739.71301622英思特1.0818.91699.80300855图南股份0.393.19685.61603045福达合金-1.792.80437.86002240盛新锂能-3.353.09354.76603132金徽股份-3.440.64341.11688456有研粉材1.813.45158.10688231隆达股份-3.002.66105.42 有色金属行业资金流出榜代码简称今日涨跌幅（%）今日换手率（%）主力资金流量（万元）600111北方稀土-4.455.71-148684.93601899紫金矿业-2.591.28-103758.39000831中国稀土-5.477.11-60912.24002460赣锋锂业-3.868.14-43144.28300748金力永磁-4.437.91-40856.34603799华友钴业-2.194.61-38260.67000737北方铜业-5.2513.46-36563.58603993洛阳钼业-3.281.53-36240.67002466天齐锂业-3.663.44-33775.46600489中金黄金-3.372.30-32826.35600362江西铜业-6.413.82-27878.06000878云南铜业-6.237.44-26141.92601600中国铝业-3.902.16-25629.65600988赤峰黄金-3.864.17-25418.62002428云南锗业-4.439.43-23014.22600549厦门钨业-3.773.77-22648.25002716湖南白银-6.4910.19-21103.94002182宝武镁业-4.809.52-20010.16600392盛和资源-3.385.63-19793.16300618寒锐钴业-3.4710.14-18869.30注：本文系新闻报道，不构成投资建议，股市有风险，投资需谨慎。（文章来源：证券时报网）"
2025-09-18 17:22:56,"金属锌概念下跌3.88%，10股主力资金净流出超亿元

截至9月18日收盘，金属锌概念下跌3.88%，位居概念板块跌幅榜前列，板块内，卧龙新能、湖南白银、锡业股份等跌幅居前。 今日涨跌幅居前的概念板块概念今日涨跌幅（%）概念今日涨跌幅（%）F5G概念1.45金属铅-3.94共封装光学(CPO)1.35金属锌-3.88铜缆高速连接1.27黄金概念-3.08国家大基金持股1.26期货概念-3.05AI PC1.05稀土永磁-2.94光刻机0.83小金属概念-2.73光纤概念0.74互联网保险-2.71同花顺果指数0.69金属钴-2.70先进封装0.69金属铜-2.63液冷服务器0.60猪肉-2.63 资金面上看，今日金属锌概念板块获主力资金净流出31.11亿元，其中，32股获主力资金净流出，10股主力资金净流出超亿元，净流出资金居首的是紫金矿业，今日主力资金净流出10.38亿元，净流出资金居前的还有湖南白银、锡业股份、盛屯矿业等，主力资金分别净流出2.11亿元、1.84亿元、1.73亿元。今日主力资金净流入居前的概念股有山金国际、司尔特、*ST正平等，主力资金分别净流入7743.13万元、707.22万元、449.35万元。（数据宝） 金属锌概念资金流出榜代码简称今日涨跌幅（%）今日换手率（%） 主力资金流量（万元）601899紫金矿业-2.591.28-103758.39002716湖南白银-6.4910.19-21103.94000960锡业股份-6.323.17-18425.76600711盛屯矿业-4.004.17-17323.41002155湖南黄金-4.505.00-15124.98601168西部矿业-3.842.49-14496.69601212白银有色-4.192.50-13796.50000426兴业银锡-3.323.01-13417.53600531豫光金铅-5.729.25-11704.10600497驰宏锌锗-4.003.32-11329.04600490鹏欣资源-5.605.37-8977.32600338西藏珠峰-3.637.74-8097.46000758中色股份-4.614.56-8030.82002266浙富控股-3.202.31-7722.16600173卧龙新能-8.7015.77-7537.05600961株冶集团-4.355.99-6721.30002237恒邦股份-4.374.45-5790.31600331宏达股份-2.742.36-5232.63601061中信金属-2.366.10-4004.78601020华钰矿业-2.405.82-3526.39600301华锡有色-3.793.83-3077.87001203大中矿业-4.991.56-2237.13000060中金岭南-4.243.12-1778.02002114罗平锌电-5.516.93-1736.38000688国城矿业-3.651.23-1443.71000816智慧农业-1.784.57-924.00002667威领股份-3.326.32-906.97301500飞南资源-4.769.14-590.08000711ST京蓝-1.681.72-560.75000751锌业股份-5.015.29-434.57601121宝地矿业-2.604.37-424.88000603盛达资源-5.244.64-90.21603132金徽股份-3.440.64341.11603843*ST正平4.980.32449.35002538司尔特-1.152.07707.22000975山金国际-3.191.777743.13（文章来源：证券时报网）"
2025-09-18 16:11:55,"美联储降息落地，资金逆市流入有色ETF基金(159880)

截至2025年9月18日收盘，国证有色金属行业指数(399395)成分股方面，中孚实业(600595)领跌6.50%，江西铜业(600362)下跌6.41%，锡业股份(000960)下跌6.32%，云南铜业(000878)下跌6.23%，中国稀土(000831)下跌5.47%。有色ETF基金(159880)最新报价1.49元，今日净申购1150万份。 消息面上，美联储降息落地，有色金属今日回调，资金逆市流入。东方证券指出，伦铜涨破10000美元/吨，矿产铜盈利与分红率或逐步提升。铜精矿供应持续偏紧，叠加降息预期提升，推动伦铜价格涨破10000美元/吨大关。矿产铜企业盈利和分红有望保持。以藏格矿业为例，其中期分红达15.69亿元，分红率大幅提升至87%。随着后续铜价进一步上行，矿产铜企业有望呈现高成长高分红特征。建议关注全球有色矿企龙头。 有色ETF基金紧密跟踪国证有色金属行业指数，申万三级行业显示，铜含量28.66%。国证有色金属行业指数参照国证行业分类标准，选取归属于有色金属行业的规模和流动性突出的50只证券作为样本，反映了沪深北交易所有色金属行业上市公司的整体收益表现，向市场提供细分行业的指数化投资标的。 数据显示，截至2025年8月29日，国证有色金属行业指数(399395)前十大权重股分别为紫金矿业(601899)、北方稀土(600111)、洛阳钼业(603993)、华友钴业(603799)、中国铝业(601600)、山东黄金(600547)、天齐锂业(002466)、赣锋锂业(002460)、中金黄金(600489)、云铝股份(000807)，前十大权重股合计占比50.35%。（文章来源：界面新闻）"
2025-09-18 09:55:37,"港股有色股跌幅居前 江西铜业股份跌2.48%

每经AI快讯，港股有色股跌幅居前，截至发稿，江西铜业股份(00358.HK)跌2.48%，报25.2港元；洛阳钼业(03993.HK)跌2.85%，报12.28港元；中国铝业(02600.HK)跌2.12%，报7.38港元；紫金矿业(02899.HK)跌1.26%，报28.14港元。（文章来源：每日经济新闻）"
2025-09-17 21:36:49,"藏格矿业：紫金矿业入主后，藏格矿业仍将战略重心聚焦于钾、锂上游资源的开发与运营

每经AI快讯，有投资者在投资者互动平台提问：我司曾参股重庆骏力（现已注销）扩展锂电中下游产业链，现在紫金已入主藏格，而紫金正在发力锂电中下游产业链，我司是否可能在紫金主导下，参与其诸多项目？ 藏格矿业（000408.SZ）9月17日在投资者互动平台表示，紫金矿业入主后，藏格矿业仍将战略重心聚焦于钾、锂上游资源的开发与运营。关于锂电中下游产业链相关规划。具体情况请关注公司后续公告。（文章来源：每日经济新闻）"
2025-09-17 16:54:21,"美联储降息在即，有色ETF基金(159880)获资金持续流入，北方铜业尾盘拉升涨停

消息面上，9月18日凌晨2点，美国联邦公开市场委员会（FOMC）会议将公布最新利率决议，市场普遍预期此次将降息25个基点，将联邦基金利率目标下调至4%-4.25%的区间，随后继续在今年10月和12月分别两次降息25个基点。受此影响，有色金属概念走高，北方铜业尾盘迅速拉升涨停。 截至2025年9月17日收盘，国证有色金属行业指数(399395)上涨0.25%，成分股北方铜业(000737)上涨10.03%，金力永磁(300748)上涨6.49%，东阳光(600673)上涨4.17%，中孚实业(600595)上涨3.94%，云南铜业(000878)上涨3.63%。有色ETF基金(159880)最新报价1.55元。 从资金净流入方面来看，有色ETF基金近4天获得连续资金净流入，最高单日获得3535.27万元净流入，合计“吸金”7129.96万元，日均净流入达1782.49万元。 中国银河证券指出，在市场对美联储9月降息较为确定的情况下，对后续流动性提升与美元进一步下跌的预期，催化了有色金属大宗商品价格的上涨。建议关注对美联储降息流动性溢价弹性价格的黄金白银板块的龙头企业以及铜铝板块中的龙头企业。 有色ETF基金紧密跟踪国证有色金属行业指数，申万三级行业显示，铜含量28.66%。国证有色金属行业指数参照国证行业分类标准，选取归属于有色金属行业的规模和流动性突出的50只证券作为样本，反映了沪深北交易所有色金属行业上市公司的整体收益表现，向市场提供细分行业的指数化投资标的。 数据显示，截至2025年8月29日，国证有色金属行业指数(399395)前十大权重股分别为紫金矿业(601899)、北方稀土(600111)、洛阳钼业(603993)、华友钴业(603799)、中国铝业(601600)、山东黄金(600547)、天齐锂业(002466)、赣锋锂业(002460)、中金黄金(600489)、云铝股份(000807)，前十大权重股合计占比50.35%。（文章来源：界面新闻）"
2025-09-17 13:45:08,"国际金价再创新高 金矿股为何率先回调？

市场憧憬的美联储降息即将到来，美元指数继续下跌，北京时间9月16日晚间，伦敦金一度突破3700美元/盎司，国际金价连续多日创出历史新高，但在9月17日上午，金矿股却逆市下跌。 截至早盘收盘，龙头股紫金矿业（601899.SH，02899.HK）下跌1.22%，报收25.01元，已经连跌四日；山东黄金（600547.SH，01787.HK）下跌1.22%，报收37.3元，相比9月9日高点一度累计回调近10%；赤峰黄金（600988.SH，06693.HK）上午跌3.72%，报收28.28元。 业内人士认为，此前金矿股涨幅领先黄金，已经反映大部分金价上涨预期，预计18日凌晨美国降息兑现后，黄金和金矿股短期会有继续调整压力；长期来看，因为美联储连续降息等原因，黄金依然有中长期上涨空间，对稳健的投资者来说，相比金矿股来看，配置黄金ETF是更理想的选择。 涨跌节奏不一样 红蚁资本投资总监李泽铭向第一财经分析，金矿股?表现，和金价肯定有关联，但涨跌节奏不完全一致，这轮金矿股领涨金价，早已反映金价最近的升幅。另外，大部分金矿股收入来源除了黄金，还有铜等有色金属，受环球经济因素拖累，短期来看，18日凌晨美国减息兑现后，预期金价有调整压力，金矿股可能继续下跌寻找支撑位置。 港股100研究中心顾问余丰慧认为，尽管金价持续飙涨，金矿股近期的弱势下跌，主要是由于市场对这些公司未来盈利预期的调整，以及短期资金获利套现，导致股价出现回调压力，部分投资者在看到股价大幅上涨后选择锁定利润，导致抛盘增加。展望未来，金价受多重因素影响，包括全球经济形势、货币政策变化和地缘政治风险等。如果经济不确定性增加或通货膨胀压力上升，金价有望继续得到支撑。然而，对于金矿股而言，除了金价本身的影响外，还需考虑各公司自身的经营效率。 慧研智投科技有限公司投资顾问李谦称，近期金价连创新高，但黄金股却出现高位滞涨并伴随抛盘，是因为目前市场存在“恐高”情绪，金价与相关标的均处历史高位，获利盘集中释放；山东黄金、紫金矿业等龙头股已延续两到三年慢牛行情，当前估值水平让一部分短线资金选择兑现。 此外，近日一批金矿企业抓紧机会在香港融资。9月9日，山东黄金完成了近39亿港元的配售融资；紫金矿业已公布了分拆上市计划；更早些时候，赤峰黄金在港股IPO超过28亿港元的融资业已完成；招金矿业（01818.HK）也曾在一年内连续两次配股融资，分别融资近20亿港元和17亿港元。 美元持续弱势，黄金仍有上涨空间 李谦说，金矿股回调的另一因素，在于市场对金价短期回调有一定的预期，导致投资者交易趋于谨慎。历史周期显示，美联储降息落地后，流动性宽松或对贵金属形成中线支撑，建议待黄金回调后继续关注。 他认为，短期回调后，建议保守型的投资者可以考虑黄金的ETF，美联储降息对于能源金属方面仍然有刺激效应，中长期来看黄金的价格还是会震荡上行。对个股特别有研究的投资者也可以投资相应金矿股。 余丰慧建议，在配置方面，黄金ETF相较于金矿股具有更低的风险和更稳定的回报，因为它们直接跟踪金价的表现，不受单个金矿企业经营状况的影响。而金矿股ETF则提供了一篮子金矿企业的投资组合，分散了个股风险，但仍然面临行业特有的风险，如生产成本上升、政策变动等。因此，保守型投资者更适合选择黄金ETF，而愿意承担更多风险以追求更高收益的投资者可能会偏好金矿股或金矿股ETF。 “受到非农数据下调和通胀数据平稳所提振的降息预期的推动。”关于近期金价上涨，博时基金基金经理王祥解释，美联储议息会议即将召开，首次降息即将落地，两年期美债已经定价了年内降息3次的预期，投资者需要重点关注季度末议息会议对后续路径的指引。王祥表示，降息周期开始，虽然短期降息节奏会影响黄金的波动路径，对后续整体降息空间较为乐观，2026年美联储票委中，总统导向席位或占到绝对多数，美联储独立性风险不仅影响远期利率路径，也对美元信用收缩的叙事形成支撑。与此对应的是，欧洲央行连续两次会议维持利率不变，认为当前通胀压力已得到有效控制，此消彼长之下，美元汇率弱势将大概率维持。（文章来源：第一财经）"
2025-09-17 10:46:45,"港股黄金股集体走低，赤峰黄金跌超5%

每经AI快讯，港股黄金股集体走低，其中赤峰黄金跌超5%，中国白银集团跌4.9%，灵宝黄金跌4.55%，招金矿业、潼关黄金跌超3%，紫金矿业、山东黄金、珠江黄金跌近3%。（文章来源：每日经济新闻）"
2025-09-16 19:14:01,"美联储降息渐近 有色板块大幅回调！啥原因？

美联储降息“箭在弦上”，有望受益于降息的有色板块却突然杀跌，发生了什么？ 9月16日，有色金属板块遭遇大幅回调，盘中多数个股深度下挫，午后跌势有所收敛，跌幅明显收窄。中证申万有色金属指数盘中一度下挫3.51%，此后逐步回升，收盘时报跌1.31%。 个股方面，截至当天收盘，龙头股紫金矿业A股、H股分别下跌0.71%、0.54%；洛阳钼业A股、H股则分别收跌2.7%、1.70%；稀土板块表现疲软，北方稀土、中国稀土、盛和资源、广晟有色收盘跌幅分别为4.02%、3.7%、1.93%、4.68%；小金属概念中，中钨高新、厦门钨业、金钼股份分别下跌3.09%、2.73%、2.17%。 市场人士认为这与美联储议息会议时间节点将至有关。北京时间周四（9月18日）凌晨，美联储将公布9月利率决议结果，目前市场预计其会降息25个基点。齐盛期货分析师刘旭峰接受上证报记者采访时表示，美联储议息会议关注重点在于美联储对于经济走弱以及通胀升高的态度，这一信息对市场尤为重要。若更关注经济走弱指标，未来美联储或加快降息节奏。 中信建投期货金属首席分析师江露告诉上证报记者，美联储议息会议前市场风险偏好开始下降，资金离场规避不确定性。短期看，市场普遍预计美联储9月降息25个基点，甚至年内可能降息2次。降息周期开启会压低美元指数，通常利好有色金属。细分品种来看，铜、铝供给端今年受到持续约束，叠加黄金持续拉涨激发投机需求，产业端国内需求有一定韧性，价格中枢有望上行。而美联储降息预期、全球央行购金行为以及地缘政治风险等因素，或继续支撑金价。 江露认为，从中长期看，支撑有色金属板块的逻辑并未发生根本改变：美联储降息周期开启的预期、黄金强劲的走势、部分品种供给端约束等都可能继续对板块中枢形成支撑。 国投证券认为，稀土的基本面逻辑没有发生变化，国内供给或继续收缩，出口恢复利好下游需求，稀土板块仍有上行潜力。 此前，随着美国非农就业数据、PPI、CPI等数据逐步揭晓，美联储将于9月降息的预期在市场上不断增强。A股有色金属板块受到提振，已走出一轮上涨行情。2025年以来，中证申万有色金属指数相较于年初上涨55.6%，上证50指数名单之列的紫金矿业、洛阳钼业股价今年以来已分别上涨67.46%、95.34%。（文章来源：上海证券报）"
2025-09-16 17:07:19,"金属钴概念下跌0.67% 主力资金净流出32股

截至9月16日收盘，金属钴概念下跌0.67%，位居概念板块跌幅榜前列，板块内，中钨高新、大地熊、厦门钨业等跌幅居前，股价上涨的有9只，涨幅居前的有兴业银锡、天奇股份、道氏技术等，分别上涨2.30%、1.81%、1.37%。 今日涨跌幅居前的概念板块概念今日涨跌幅（%）概念今日涨跌幅（%）减速器3.72猪肉-1.93人形机器人3.58养鸡-1.50汽车热管理3.28转基因-0.79一体化压铸3.12金属钴-0.67拼多多概念2.98中船系-0.67中韩自贸区2.90金属锌-0.57AI PC2.82小金属概念-0.54EDR概念2.76钛白粉概念-0.52小米汽车2.75金属铅-0.50脑机接口2.70环氧丙烷-0.47 资金面上看，今日金属钴概念板块获主力资金净流出47.66亿元，其中，32股获主力资金净流出，11股主力资金净流出超亿元，净流出资金居首的是紫金矿业，今日主力资金净流出13.04亿元，净流出资金居前的还有华友钴业、当升科技、厦门钨业等，主力资金分别净流出6.29亿元、4.05亿元、3.40亿元。今日主力资金净流入居前的概念股有兴业银锡、鹏欣资源、海亮股份等，主力资金分别净流入2855.89万元、2186.65万元、1673.74万元。（数据宝） 金属钴概念资金流出榜代码简称今日涨跌幅（%）今日换手率（%） 主力资金流量（万元）601899紫金矿业-0.711.52-130374.78603799华友钴业-0.695.84-62943.82300073当升科技0.428.95-40496.37600549厦门钨业-2.735.54-33978.37002460赣锋锂业-0.745.79-30198.74603993洛阳钼业-2.701.76-27583.81601669中国电建-1.041.80-20671.52002340格林美-1.044.36-18040.95000657中钨高新-3.096.01-15229.32300618寒锐钴业-0.2810.22-14818.73688005容百科技-0.656.19-14776.98300919中伟股份-1.682.18-9753.61301219腾远钴业-0.375.45-9524.90600711盛屯矿业-0.113.34-9152.84000758中色股份-2.624.67-9102.61300409道氏技术1.3711.57-6235.46000009中国宝安-0.732.05-4977.56002645华宏科技-2.075.94-3487.80601390中国中铁-0.180.35-3389.10002009天奇股份1.818.21-2945.91002266浙富控股-0.511.59-2746.20000762西藏矿业-1.173.08-2226.60002601龙佰集团-0.362.00-2185.81688077大地熊-2.994.35-1883.23600980北矿科技-1.133.82-1795.52603257中国瑞林-0.5219.98-1766.68601969海南矿业-0.231.16-1580.94000688国城矿业-0.721.38-1495.28300477ST合纵0.985.45-613.29301265华新环保-0.182.01-570.05300487蓝晓科技0.331.21-130.81000655金岭矿业-2.383.92-110.21000060中金岭南-2.003.35654.04601618中国中冶0.290.85864.99002203海亮股份0.401.881673.74600490鹏欣资源0.935.422186.65000426兴业银锡2.303.972855.89 注：本文系新闻报道，不构成投资建议，股市有风险，投资需谨慎。 （文章来源：证券时报网）"
2025-09-16 17:06:59,"有色金属行业资金流出榜：北方稀土、紫金矿业等净流出资金居前

沪指9月16日上涨0.04%，申万所属行业中，今日上涨的有21个，涨幅居前的行业为综合、机械设备，涨幅分别为3.62%、2.06%。跌幅居前的行业为农林牧渔、银行，跌幅分别为1.29%、1.15%。有色金属行业位居今日跌幅榜第三。 资金面上看，两市主力资金全天净流出374.26亿元，今日有11个行业主力资金净流入，机械设备行业主力资金净流入规模居首，该行业今日上涨2.06%，全天净流入资金55.08亿元，其次是计算机行业，日涨幅为2.06%，净流入资金为49.45亿元。 主力资金净流出的行业有20个，有色金属行业主力资金净流出规模居首，全天净流出资金103.35亿元，其次是电力设备行业，净流出资金为89.13亿元，净流出资金较多的还有银行、非银金融、医药生物等行业。 有色金属行业今日下跌0.99%，全天主力资金净流出103.35亿元，该行业所属的个股共137只，今日上涨的有41只；下跌的有92只。以资金流向数据进行统计，该行业资金净流入的个股有26只，其中，净流入资金超千万元的有12只，净流入资金居首的是宝武镁业，今日净流入资金9080.21万元，紧随其后的是晓程科技、兴业银锡，净流入资金分别为3846.26万元、2855.89万元。有色金属行业资金净流出个股中，资金净流出超亿元的有20只，净流出资金居前的有北方稀土、紫金矿业、中国稀土，净流出资金分别为19.33亿元、13.04亿元、7.05亿元。（数据宝） 有色金属行业资金流入榜 代码简称今日涨跌幅（%）今日换手率（%）主力资金流量（万元）002182宝武镁业3.999.289080.21300139晓程科技5.6131.893846.26000426兴业银锡2.303.972855.89600490鹏欣资源0.935.422186.65000933神火股份-1.472.232071.57600362江西铜业-0.733.271997.97002532天山铝业-1.721.451678.83002203海亮股份0.401.881673.74300057万顺新材2.305.831516.73002501利源股份2.894.161467.76002540亚太科技1.711.761434.59688456有研粉材10.294.001189.08301522上大股份1.084.25845.33601168西部矿业-1.803.25775.79002171楚江新材-1.043.18750.95000060中金岭南-2.003.35654.04605208永茂泰2.134.61485.99301323新莱福3.734.00460.45603124江南新材4.0111.94437.93000630铜陵有色-1.504.01303.12 有色金属行业资金流出榜 代码简称今日涨跌幅（%）今日换手率（%）主力资金流量（万元）600111北方稀土-4.026.63-193288.70601899紫金矿业-0.711.52-130374.78000831中国稀土-3.708.13-70541.13603799华友钴业-0.695.84-62943.82300748金力永磁-3.376.37-34201.83600549厦门钨业-2.735.54-33978.36002460赣锋锂业-0.745.79-30198.74600392盛和资源-1.935.77-29490.83002428云南锗业-2.478.36-28906.81603993洛阳钼业-2.701.76-27583.81600259广晟有色-4.686.18-25895.14002466天齐锂业-1.813.18-25729.31600489中金黄金1.002.56-17228.14000657中钨高新-3.096.01-15229.32300618寒锐钴业-0.2810.22-14818.73000737北方铜业-0.7211.35-13695.63002155湖南黄金1.244.22-13370.38000878云南铜业-2.627.71-11944.39002378章源钨业-1.685.14-10604.82601212白银有色-1.033.36-10263.25（文章来源：证券时报网）"
2025-09-16 11:35:22,"金价再创新高！这些黄金股被杠杆资金抢筹（附名单）

北京时间9月16日早间，黄金价格再创历史新高。COMEX黄金主力合约盘中一度涨至3728.4美元/盎司，刷新历史纪录。自年初以来，黄金价格已累计上涨超过1000美元/盎司，年内涨幅达40%。 金价走强之下，近期A股黄金板块表现强势。截至9月15日，A股黄金概念当月累计上涨8.28%，西部黄金领涨，月内累计涨幅超50%，盛达资源、晓程科技累计涨幅超20%，中金黄金、赤峰黄金、紫金矿业等涨超10%。 市场预期美联储降息25bp 综合市场观点来看，近期金价走强的主要原因，在于市场认定美联储将于北京时间9月18凌晨宣布降息25个基点。美联储利率观测工具显示，交易员预计，本次利率决议，美联储降息25个基点的概率高达99.7%。 据东方财富Choice数据，回顾2000年以来美联储此前的3次降息周期，黄金价格均出现上涨。 第一次是2001年1月3日至2003年6月25日，联邦基金目标利率上限从6.50%降至1.00%，期间累计降息550基点，COMEX黄金累计上涨29.48%。 第二次是2007年9月18日至2008年12月16日，联邦基金目标利率上限从5.25%降至0.25%，期间累计降息500基点，COMEX黄金累计上涨16.43%。 第三次是2019年8月1日至2020年3月15日，联邦基金目标利率上限从2.50%降至0.25%，期间累计降息225基点，COMEX黄金累计上涨6.20%。 摩根大通也在最新研报中上调了对金价的价格预测，在即将到来的美联储降息周期和由此引燃的强劲投资者需求的双重推动下，预计现货金价将在2026年第一季度突破4000美元/盎司大关。同时，若美联储独立性受到冲击，投资者的资金轮动可能在两个季度内将金价推至5000美元高位。 央行购金提供长期支撑 各国央行持续购金，也为金价提供了长期有力支撑。 华安基金指出，近年来各国央行通过增持黄金、减持美元资产来分散外汇储备，黄金现已成为全球第二大储备资产，而全球央行持有的美元资产占比从2000年的72%下降到2025年的57%。 9月7日，中国央行公布的最新官方储备资产情况显示，8月末，央行黄金储备为7402万盎司，较上月末增加6万盎司，为连续第10个月增持。 世界黄金协会报告显示，今年二季度全球官方黄金储备增加166吨，仍处于显著高位水平。此前，2022年至2024年，全球央行购金量已连续三年超过1000吨。该协会6月发布的《全球央行黄金储备调查》显示，高达95%的受访央行预计未来12个月内全球央行的黄金储备将增加。 东方金诚首席宏观分析师王青判断，未来央行增持黄金仍是大方向。我国官方国际储备资产中黄金的占比为7.0%，明显低于15%左右的全球平均水平。从优化国际储备结构角度出发，未来需要持续增持黄金储备，适度减持美债。 此外，黄金是全球广泛接受的最终支付手段，央行增持黄金能够增强主权货币的信用，为稳慎推进人民币国际化创造有利条件。由此，从优化国际储备结构、稳慎扎实推进人民币国际化，以及应对当前国际环境变化等角度出发，未来央行增持黄金的趋势预计还将延续。 杠杆资金抢筹黄金股 黄金价格的上涨意味着金矿企业的收入增加，利润提升，黄金概念近期备受资金关注。据东方财富Choice数据，截至9月15日，9月以来A股黄金板块被融资净买入24.58亿元，融资余额增幅超16.8%。 具体来看，9月以来融资净买入超1亿元的有5股。其中，紫金矿业融资净买入13.68亿元，高居第一；其次是中金黄金，融资净买入3.14亿元；湖南黄金第三，融资净买入2.08亿元， （文章来源：东方财富研究中心）"
2025-09-16 11:11:02,"板块异动 | 有色板块大幅回调 领跌A股

上证报中国证券网讯（记者霍星羽）9月16日，有色金属、稀土板块领跌。截至10:50，北方铜业、洛阳钼业、紫金矿业盘中跌幅达4.08%、4.04%、2.16%，紫金矿业H股、洛阳钼业H股一度下跌3.93%、5.11%；中国稀土、北方稀土、盛和资源、广晟有色跌幅一度达到6.01%、5.86%、4.4%、5.31%；小金属板块，中钨高新、厦门钨业、金钼股份盘中跌幅达5.44%、5.23%、4.78%。 有业内人士分析称，金属板块回调较多，主因是部分资金在美联储降息前获利了结，观望议息会议具体情况。北京时间周四（9月18日）凌晨，美联储将公布9月利率决议结果，目前市场预计或降息25个基点。不过，全球或将处于中长期降息通道中，有色板块未来仍有上涨潜力。（文章来源：上海证券报·中国证券网）"
2025-09-16 11:06:45,"港股有色股早盘集体回落 江西铜业股份跌4.53%

每经AI快讯，9月16日，港股有色股早盘集体回落，截至发稿，江西铜业股份(00358.HK)跌4.53%，报25.3港元；中国铝业(02600.HK)跌4.35%，报7.26港元；洛阳钼业(03993.HK)跌3.87%，报12.41港元；紫金矿业(02899.HK)跌3.79%，报28.42港元。（文章来源：每日经济新闻）"
2025-09-15 16:58:48,"有色金属行业今日净流出资金86.06亿元，北方稀土等25股净流出资金超亿元

沪指9月15日下跌0.26%，申万所属行业中，今日上涨的有15个，涨幅居前的行业为电力设备、传媒，涨幅分别为2.22%、1.94%。跌幅居前的行业为综合、通信，跌幅分别为1.80%、1.52%。有色金属行业今日下跌0.81%。 资金面上看，两市主力资金全天净流出597.54亿元，今日有4个行业主力资金净流入，汽车行业主力资金净流入规模居首，该行业今日上涨1.44%，全天净流入资金31.66亿元，其次是传媒行业，日涨幅为1.94%，净流入资金为7.23亿元。 主力资金净流出的行业有27个，电子行业主力资金净流出规模居首，全天净流出资金87.73亿元，其次是有色金属行业，净流出资金为86.06亿元，净流出资金较多的还有计算机、通信、电力设备等行业。 有色金属行业今日下跌0.81%，全天主力资金净流出86.06亿元，该行业所属的个股共137只，今日上涨的有30只；下跌的有103只。以资金流向数据进行统计，该行业资金净流入的个股有25只，其中，净流入资金超千万元的有12只，净流入资金居首的是赣锋锂业，今日净流入资金1.74亿元，紧随其后的是天齐锂业、铂科新材，净流入资金分别为1.56亿元、4758.75万元。有色金属行业资金净流出个股中，资金净流出超亿元的有25只，净流出资金居前的有北方稀土、紫金矿业、北方铜业，净流出资金分别为21.87亿元、6.95亿元、4.74亿元。（数据宝） 有色金属行业资金流入榜 代码简称今日涨跌幅（%）今日换手率（%）主力资金流量（万元）002460赣锋锂业4.498.7217441.75002466天齐锂业2.914.5015550.59300811铂科新材-1.483.234758.75601388怡球资源6.299.974118.98002532天山铝业1.051.592426.66603978深圳新星3.1411.982216.14002240盛新锂能0.773.692047.89000408藏格矿业0.820.641806.41300224正海磁材0.584.641730.58600615鑫源智造5.618.761584.79000933神火股份-1.451.751542.87002756永兴材料0.173.351016.89600219南山铝业-1.001.83903.44603132金徽股份0.001.23778.46002824和胜股份0.263.30550.52688786悦安新材-3.322.23539.85000603盛达资源3.657.73477.12603124江南新材0.4010.56443.94300930屹通新材-1.663.02393.01300963中洲特材2.538.45373.11 有色金属行业资金流出榜 代码简称今日涨跌幅（%）今日换手率（%）主力资金流量（万元）600111北方稀土-2.486.35-218662.12601899紫金矿业-0.581.17-69454.19000737北方铜业2.4215.25-47366.32600549厦门钨业-3.373.85-28514.65002155湖南黄金-3.374.40-22637.94600362江西铜业-2.232.84-19914.81601020华钰矿业-5.586.64-19740.24002378章源钨业-5.897.23-18757.52000657中钨高新-3.444.55-18717.65600392盛和资源-1.394.67-17828.37600711盛屯矿业-3.093.64-17149.26002167东方锆业-2.5910.26-16431.40300328宜安科技-2.777.55-16081.11002716湖南白银1.6615.61-15920.02603993洛阳钼业-0.521.04-15871.04600489中金黄金-1.241.70-14839.88000630铜陵有色-1.693.26-14670.27600547山东黄金0.001.20-13964.19300748金力永磁-1.456.94-12612.32000878云南铜业-1.806.96-12529.81（文章来源：证券时报网）"
2025-09-15 14:46:05,"紫金矿业黄金业务冲刺港股IPO：子公司递交聆讯资料，年内已豪掷百亿全球扫货

深圳商报·读创客户端记者穆砚 9月14日晚间，紫金矿业集团股份有限公司（以下简称“紫金矿业”或“公司”）发布关于分拆所属子公司至香港联交所上市的进展公告。公告称，其子公司紫金黄金国际已向香港联交所递交聆讯后资料集，正式启动分拆上市进程。此次分拆上市方案已获公司股东大会审议通过，但仍需获得香港联交所最终批准。 公告披露，公司拟分拆所属子公司紫金黄金国际有限公司(以下简称“紫金黄金国际”)至香港联合交易所有限公司(以下简称“香港联交所”)主板上市(以下简称“本次分拆上市”)的相关事宜已经公司2025年第一次临时股东会、2025年第二次A股类别股东会、2025年第二次H股类别股东会审议通过。 2025年9月14日，公司收到紫金黄金国际通知，其已于当日向香港联交所递交聆讯后资料集，内容涵盖紫金黄金国际的相关业务及财务资料信息。上述材料已登载于香港联交所披露易网站供查阅及下载。 公司股东及潜在投资者务请注意，聆讯后资料集为草拟本，未来仍有可能作出重大变动。紫金黄金国际可能刊发的经更新聆讯后资料集(如有)仍将于香港联交所披露易网站披露，建议公司股东及潜在投资者不时在该网站查阅。 本次分拆上市事项尚须取得香港联交所等的批准和紫金黄金国际的最终决定，并受限于市场情况以及其他因素，该事项尚存在不确定性。本公告以及聆讯后资料集的刊登不构成亦不应被视为认购或购买任何股票或证券的要约。 业绩方面，有“矿茅”之称的紫金矿业今年上半年主要业绩指标均创历史新高。 8月26日，紫金矿业发布2025年半年度业绩报告。报告显示，公司上半年实现营收1677.11亿元，和上年同期相比（同比）增加11.50%；归属于上市公司股东的净利润为232.92亿元，同比增加54.41%。 根据财报披露，公司主营矿产品产量稳步提升，上半年实现矿产铜57万吨，同比增长9%；矿产金41吨，同比增长16%，矿产银224吨，同比增长6%；矿产锌（铅）20万吨，当量碳酸锂7315吨。得益于量价齐升及成本优化，公司整体矿产品毛利率同比增加3个百分点至60.23% 从营收占比来看，铜业务销售收入占报告期内营业收入的27.8%（抵销后），毛利占集团毛利的38.5%；黄金业务销售收入占报告期内营业收入的49.1%（抵销后），得益于黄金价格大幅度上涨，毛利占集团毛利的38.6%，与铜旗鼓相当。 截至目前，紫金矿业境外资产为2058亿元，占总资产的比例为47%。 2025年以来，紫金矿业已接连完成多项重大收购。今年4月，公司完成了对加纳Akyem金矿项目的并购。据紫金矿业披露，Akyem金矿是加纳最大金矿之一，位于世界主要黄金成矿带上。目前该矿已探明及控制的矿石资源量（不含储量）为1060万吨，推断矿石量560万吨，金品位合计为3.36克/吨，黄金量合计54.4吨。 今年5月，为进一步扩充其在国内的矿产资源储备。紫金矿业全资子公司紫金国际控股以137.29亿元对价获得藏格矿业26.18%股份，创下该公司单笔投资纪录。 6月30日，紫金矿业发布公告称，旗下紫金黄金国际及其新加坡金哈矿业公司，计划以12亿美元的价格，收购哈萨克斯坦Raygorodok大型金矿。这是紫金矿业2025年继完成加纳Akyem金矿交割后的又一宗黄金资源项目并购，也是2020年以来的第八次重大金矿资源收购。 8月29日，紫金矿业发布公告称，公司于2022年10月21日通过公开摘牌方式所获得的安徽金沙钼业有限公司84%股权已完成工商变更登记，正式取得安徽省金寨县沙坪沟钼矿控制权。据介绍，沙坪沟钼矿项目保有钼金属资源量210万吨，钼金属储量110万吨。（文章来源：深圳商报·读创）"
2025-09-15 08:53:03,"有色金属火热！哪些公司手握资源？

随着美国非农就业数据、PPI、CPI等数据逐步揭晓，美联储将于9月降息的预期在A股市场上不断增强。北京时间周四（9月18日）凌晨，美联储将公布9月利率决议结果，目前市场预计其会降息25个基点。 受访人士表示，美联储的会议可着重关注未来降息路径的变化。会议关注重点在于美联储对于经济走弱以及通胀升高的态度，这一信息对市场尤为重要。若更关注经济走弱指标，未来美联储或加快降息节奏。 在美联储降息预期升温的影响下，加上国内PMI环比回升、下游需求有望恢复等因素，有色金属的金融属性、工业属性或得到共振，其价格仍有上行潜力。有色板块或延续涨势、持续火热。今年以来，中证申万有色金属指数已上涨58.7%，并于9月12日创下年内新高。 美联储降息预期持续发酵 有色金属价格或震荡走强 美国经济数据连连提供佐证，美联储降息预期不断发酵。 美国劳工部9月11日公布的数据显示，今年8月美国CPI同比上涨2.9%，8月核心CPI同比上涨3.1%。9月10日美国公布的8月PPI同比增长2.6%，环比下降0.1%，为近4个月以来首度出现下滑。 此前，美国劳工统计局9月9日公布了初步基准修订数据，截至今年3月的一年间的非农就业人数下修91.1万，相当于每月平均少增加近7.6万。按1.71亿劳动力总数计算，本次修订约占0.6%。这是自2000年以来的最大下修幅度。而有“小非农”之称的ADP数据显示，美国8月ADP就业人数增加5.4万人，远低于市场预期。 “非农不及预期，市场大幅强化美联储降息预期，叠加‘金九银十’旺季需求预期结构性改善，看好工业金属价格继续上行。”民生证券研究院副院长、金属行业首席分析师邱祖学在研报中写道。 国泰海通有色团队发布研报分析称，降息临近，工业金属的商品、金融属性有望共振。目前处于淡旺季逐步切换阶段，主要工业金属下游的加工开工率有所提升，同时部分品种的供应端因检修、季节性因素存在阶段性的扰动，供需格局或边际向好，为工业金属价格提供支撑。 宏观方面，美国近月通胀压力可控、就业市场走弱明显的背景下，市场预计美联储年内将连续降息，流动性拐点将至。同时国内8月制造业PMI指数上涨0.1个百分点至49.4%、景气度有所上行，后续宏观利好政策有望继续释放，需求预期逐步修复，为工业金属价格提供向上动力。 以铜为例，今年1月政策暖风吹来：工业和信息化部等十一部门印发《铜产业高质量发展实施方案（2025—2027年）》，要求到2027年，产业链供应链韧性和安全水平明显提升。铜原料保障能力不断增强，力争国内铜矿资源量增长5%—10%，再生铜回收利用水平进一步提高。技术创新水平不断提升，突破一批铜资源绿色高效开发利用关键工艺和高端新材料，高端装备制造能力明显增强。培育一批铜产业优质企业，产业结构进一步优化。 贵金属方面，国信期货首席分析师顾冯达接受上证报记者采访时表示，在地缘局势持续紧张、经济数据整体疲软以及政策不确定性延续的背景下，预计贵金属将延续震荡偏强走势，中长期其价格重心有望稳步上移。 国盛证券研报则分析，新一轮财政赤字货币化也许会超出市场预期，实施后会加速美元的贬值，带来全球资本大流动。同时货币周期的循环也将加速从信用货币向金属货币回归，其中作为美元的对立面的贵金属会最受青睐。 “有色是少数能显著受益于海外通胀的行业，我们认为贵金属、工业金属、战略金属等标的或开启牛市。”国投证券有色团队发文表示。 有色金属价格攀升 产业链企业业绩受益 今年以来，有色金属价格总体呈震荡上行趋势。以铜、钨、钼为例，上海钢联数据显示，9月12日国内电解铜、钨粉、钼粉价格相较于年初分别上涨了10%、102%、21%。 相关上市公司显著受益于金属价格的上涨。据上海证券报记者统计，2025年上半年，141家有色金属行业上市公司中，129家公司实现盈利，占比超过九成，其中25家公司上半年净利润实现倍增。 此外，其中大部分上市公司业绩环比向好，二季度利润水平高于一季度。Choice数据显示，在141家申万有色金属企业中，有94家公司二季度扣非净利润高于一季度。例如，紫金矿业2025年第二季度公司扣非净利润为117.4亿元，环比上涨18.8%；洛阳钼业二季度扣非净利润为48亿元，环比增长22.1%。 哪些公司手握资源？ “铜博士”产量方面，紫金矿业、洛阳钼业、江西铜业铜产量居A股有色企业前列。2025年上半年，紫金矿业实现矿产铜57万吨，洛阳钼业产铜35.36万吨，江西铜业自产铜精矿含铜9.93万吨。 “工业牙齿”钨产量方面，中钨高新、洛阳钼业、厦门钨业产量居前。据中钨高新半年报，2025年上半年公司钨精矿产量0.42万吨，APT（仲钨酸铵）产量0.85万吨，硬质合金产量超0.75万吨，稳居全球第一。2025年上半年，洛阳钼业产钨3948吨。 厦门钨业半年报显示，公司APT、钨粉产量位居国内前列，是最主要的APT、钨粉供应商之一。公司现有在产钨矿山钨精矿（65%三氧化钨）年产量约12000吨。 而金钼股份、洛阳钼业、紫金矿业等企业的钼产量则是全国领先。2024年，金钼股份的钼铁、钼酸铵、钼粉产量分别为22847、7238、5856吨；同一年洛阳钼业钼产量为15396吨；紫金矿业矿产钼产量为9000吨。（文章来源：上海证券报）"
2025-09-15 08:52:21,"紫金矿业：紫金黄金国际已向香港联交所递交聆讯后资料集

紫金矿业9月15日公告，9月14日，公司收到所属子公司紫金黄金国际通知，其已于当日向香港联交所递交聆讯后资料集。（文章来源：界面新闻）"
2025-09-15 08:50:16,"紫金矿业：紫金黄金国际已向香港联交所递交聆讯后资料集

南方财经9月15日电，紫金矿业公告，9月14日，公司收到所属子公司紫金黄金国际通知，其已于当日向香港联交所递交聆讯后资料集。 （文章来源：南方财经网）"
2025-09-14 19:58:38,"紫金国际金矿已向港交所提交了有关上市的聆讯后资料集

每经AI快讯，9月14日，港交所信息显示，紫金矿业旗下子公司紫金国际金矿已向香港证券交易所提交了有关上市的聆讯后资料集。（文章来源：每日经济新闻）"
2025-09-14 16:40:36,"紫金矿业阿根廷年产2万吨碳酸锂项目投产

新京报贝壳财经讯据紫金矿业官网消息，阿根廷当地时间9月12日，紫金矿业旗下锂业科思3Q锂盐湖年产2万吨碳酸锂项目投产仪式在卡塔马卡省菲安巴拉市举行，标志着紫金矿业在南美锂资源开发实现关键突破，新能源产业布局迈入新阶段。（文章来源：新京报）"
2025-09-14 13:48:03,"紫金矿业阿根廷年产2万吨碳酸锂项目投产

人民财讯9月14日电，据紫金矿业消息，阿根廷当地时间9月12日，紫金矿业旗下锂业科思3Q锂盐湖年产2万吨碳酸锂项目投产仪式在卡塔马卡省菲安巴拉市举行，标志着紫金矿业在南美锂资源开发实现关键突破，新能源产业布局迈入新阶段。 （文章来源：人民财讯）"
2025-09-14 13:35:16,"紫金矿业阿根廷年产2万吨碳酸锂项目投产

南方财经9月14日电，据紫金矿业官网消息，阿根廷当地时间9月12日，紫金矿业旗下锂业科思3Q锂盐湖年产2万吨碳酸锂项目投产仪式在卡塔马卡省菲安巴拉市举行。据了解，当前，二期项目许可审批等前期工作正有序推进，规划碳酸锂产能4万吨/年，两期项目全部达产后，年产能预计达6-8万吨。 （文章来源：南方财经网）"
2025-09-14 13:12:17,"紫金矿业阿根廷年产2万吨碳酸锂项目投产

据紫金矿业消息，阿根廷当地时间9月12日，紫金矿业旗下锂业科思3Q锂盐湖年产2万吨碳酸锂项目投产仪式在卡塔马卡省菲安巴拉市举行。 据了解，当前，二期项目许可审批等前期工作正有序推进，规划碳酸锂产能4万吨/年，两期项目全部达产后，年产能预计达6-8万吨。（文章来源：界面新闻）"
2025-09-14 13:12:13,"紫金矿业阿根廷年产2万吨碳酸锂项目投产

据紫金矿业消息，阿根廷当地时间9月12日，紫金矿业旗下锂业科思3Q锂盐湖年产2万吨碳酸锂项目投产仪式在卡塔马卡省菲安巴拉市举行。据了解，当前，二期项目许可审批等前期工作正有序推进，规划碳酸锂产能4万吨/年，两期项目全部达产后，年产能预计达6-8万吨。（文章来源：财联社）"
2025-09-14 08:41:40,"股价暴涨超529%！这一概念狂飙 发生了什么？

9月12日，现货黄金一度升至3674.27美元/盎司，再度创出新的历史纪录。 今年以来，随着国际黄金价格持续走高，市场看涨情绪高涨，港股市场的黄金概念股迎来了一轮强劲的上涨行情，多只个股涨幅惊人，尤其以金矿开采板块的表现最为抢眼。 灵宝黄金以高达529.56%的年涨幅领跑，股价创上市以来新高。作为专注于黄金矿产资源开发的企业，公司矿山资源分别位于中国河南、新疆、江西、内蒙古、甘肃等，拥有37个采矿权及勘探权，总探采面积达216.04平方公里。截至2024年底，公司总黄金储备资源量约131.81吨（约4.1百万盎司），矿产金产量5.2吨。 中国黄金国际、招金矿业、紫金矿业今年涨幅分别为240.44%、174.62%和116.12%，三家公司的股价均刷新历史新高。紫金矿业作为行业龙头，总市值超7575亿港元，公司是一家在全球范围内从事铜、金、锌、锂、银、钼等金属矿产资源勘查、开发及工程设计、技术应用研究的大型跨国矿业集团，公司在中国17个省(区)和境外17个国家拥有重要矿业投资项目。半年报显示，紫金矿业上半年实现营收1677亿元，同比增长11.5%；实现归母净利润233亿元，同比增长54.4%。 黄金零售板块亦跟随走强。老铺黄金于2024年6月28日登陆港交所，上市后股价一路飙升，成为黄金零售板块的“新贵”。其今年以来股价累计涨204.65%，而其上市以来的表现更加惊艳，较发行价暴涨17.14倍，股价超过腾讯控股，成为港股市场第一高价股。截至9月12日收盘，老铺黄金股价达728.50港元。 业绩方面，老铺黄金上半年线上线下全渠道营收高增，实现营业收入123.54亿元，同比增长251%，经调整净利润达23.5亿元，同比增长291%。 除老铺黄金外，其他黄金零售股方面，周大福、周生生、谢瑞麟等的涨幅也超过100%。 展望后市，分析认为，在全球宏观经济不确定性仍存的背景下，黄金作为避险资产仍具备中长期投资价值。在民生证券看来，美联储降息预期强烈，关税争端升级，央行购金持续，看好金价上行。国新证券则表示，中长期来看，黄金价格有望在较高水平保持稳定，尤其在全球经济不确定性和通胀预期上升的背景下，黄金作为避险资产仍有价值。 在金价向好预期下，矿业巨头积极推进资本运作。紫金矿业旗下国际黄金开采子公司紫金黄金国际有望于下周寻求通过港交所聆讯，并计划将集资额从20亿美元增至30亿美元。如果交易按计划进行，紫金黄金国际有望成为今年全球第二大IPO项目，仅次于宁德时代。 中信建投认为，紫金黄金国际本次分拆上市恰逢黄金价格上行周期，有利于推动公司黄金资产价值重估。此外，有望推进公司国际化进程、拓宽国际优质投资者渠道、提升境外资本市场融资和并购交易中的竞争力和灵活性。 （文章来源：证券时报·e公司）"
2025-09-13 01:06:56,"黄金牛市助推概念股狂飙 灵宝黄金年内涨幅超5倍

9月12日，现货黄金一度升至3674.27美元/盎司，再度创出新的历史纪录。 今年以来，随着国际黄金价格持续走高，市场看涨情绪高涨，港股市场的黄金概念股迎来了一轮强劲的上涨行情，多只个股涨幅惊人，尤其以金矿开采板块的表现最为抢眼。 灵宝黄金以高达529.56%的年涨幅领跑，股价创上市以来新高。作为专注于黄金矿产资源开发的企业，公司矿山资源分别位于中国河南、新疆、江西、内蒙古、甘肃及吉尔吉斯，拥有37个采矿权及勘探权，总探采面积达216.04平方公里。截至2024年底，公司总黄金储备资源量约131.81吨（约4.1百万盎司），矿产金产量5.2吨。 中国黄金国际、招金矿业、紫金矿业今年涨幅分别为240.44%、174.62%和116.12%，三家公司的股价均刷新历史新高。紫金矿业作为行业龙头，总市值超7575亿港元，公司是一家在全球范围内从事铜、金、锌、锂、银、钼等金属矿产资源勘查、开发及工程设计、技术应用研究的大型跨国矿业集团，公司在中国17个省(区)和境外17个国家拥有重要矿业投资项目。半年报显示，紫金矿业上半年实现营收1677亿元，同比增长11.5%；实现归母净利润233亿元，同比增长54.4%。 黄金零售板块亦跟随走强。老铺黄金于2024年6月28日登陆港交所，上市后股价一路飙升，成为黄金零售板块的“新贵”。其今年以来股价累计涨204.65%，而其上市以来的表现更加惊艳，较发行价暴涨17.14倍，股价超过腾讯控股，成为港股市场第一高价股。截至9月12日收盘，老铺黄金股价达728.50港元。 业绩方面，老铺黄金上半年线上线下全渠道营收高增，实现营业收入123.54亿元，同比增长251%，经调整净利润达23.5亿元，同比增长291%。 除老铺黄金外，其他黄金零售股方面，周大福、周生生、谢瑞麟等的涨幅也超过100%。 展望后市，分析认为，在全球宏观经济不确定性仍存的背景下，黄金作为避险资产仍具备中长期投资价值。在民生证券看来，美联储降息预期强烈，关税争端升级，央行购金持续，看好金价上行。国新证券则表示，中长期来看，黄金价格有望在较高水平保持稳定，尤其在全球经济不确定性和通胀预期上升的背景下，黄金作为避险资产仍有价值。 在金价向好预期下，矿业巨头积极推进资本运作。紫金矿业旗下国际黄金开采子公司紫金黄金国际有望于下周寻求通过港交所聆讯，并计划将集资额从20亿美元增至30亿美元。如果交易按计划进行，紫金黄金国际有望成为今年全球第二大IPO项目，仅次于宁德时代。 中信建投认为，紫金黄金国际本次分拆上市恰逢黄金价格上行周期，有利于推动公司黄金资产价值重估。此外，有望推进公司国际化进程、拓宽国际优质投资者渠道、提升境外资本市场融资和并购交易中的竞争力和灵活性。 （文章来源：证券时报）"
2025-09-12 20:13:23,"龙净环保旗下公司获刚果（金）水电站项目开发权 总投资约3.99亿美元

龙净环保(600388)9月12日晚间公告，全资子公司紫金龙净清洁能源有限公司（下称“紫金龙净”）通过其全资子公司紫金龙净国际（香港）控股有限公司（下称“龙净香港”）在刚果（金）收购了GML公司（下称“项目公司”）80%股份（已经公司2025年第一次投资与决策委员会审议通过），获取了140MW刚果（金）凯兰庚水电站项目开发权，项目总投资金额约为3.99亿美元，拟由公司自筹。 公告显示，凯兰庚水电站位于刚果（金）上洛马米省（Haut Lomami）的Lualaba河上，距离紫金矿业在刚果（金）的权属企业所在地科卢韦齐200km，刚果（金）电力缺口巨大，科卢韦齐地区缺电明显。 项目主要包括140MW水电站和220KV输电线路两部分，预计建设期3.5年，预计年利用小时数5100小时（预计年发电量7.14 亿度）。项目建成后，90%电量将优先提供给紫金矿业在刚果（金）权属企业，10%将供给当地社区。矿区供电电价约0.16美元/KWh（不含税，科卢韦齐地区购买水电电价约0.21美元/KWh），当地社区供电价约0.1美元/KWh（不含税）。 龙净环保表示，项目专注于为紫金矿业在刚果（金）科卢韦齐地区的权属矿业企业运营提供稳定的清洁电力，致力成为当地矿业能源供应链系统中的核心支持工程。刚果（金）当地长期面临电力供需矛盾突出的问题，现有英加水电站约1500MW的供电能力，已将其中1000MW用于矿业，仍无法满足企业日益增长的生产需求，严重制约企业产能扩张。本项目将直接对接紫金矿业在刚果（金）的权属矿企（卡莫阿-卡库拉铜矿，穆索诺伊铜矿，卡瑞鲁水泥厂等），通过长期购电协议（PPA）模式确保电力消纳，同时顺应刚果（金）政府推动水电开发以减少碳排放的政策导向，市场风险较低且需求明确。 项目具备优越的资源条件、政策与融资支持。刚果（金）拥有非洲50%的水资源，水力发电潜力高达10万MW，但目前仅开发了2.5%，资源禀赋得天独厚。技术上，本项目采用全球领先的中国水电工程技术规范、规程，确保工程方案稳健实施；经济上，刚果（金）新电力改革法案为项目实施创造了有利环境，且世界银行和非洲开发银行已启动“300任务”项目，承诺为非洲能源项目提供融资支持。项目预计年发电量7.14亿度，控股股东紫金矿业权属企业将消纳90%的电量，项目可行性较高。 此外，项目是公司践行“环保+新能源”双轮驱动战略、深化全球清洁能源布局的关键性工程。项目发电优先供给紫金矿业在刚果（金）的权属企业，深度强化产业协同优势，有效保障紫金矿业能源稳定供应并降低用电成本。作为公司国际化清洁能源布局的里程碑项目，其建成将进一步提升公司海外市场竞争力与品牌国际影响力。项目实施将扩大清洁能源发电业务规模，为公司注入可持续利润增长点，推动能源结构绿色转型，符合公司长期发展战略与全球低碳发展大势。 12日晚间龙净环保同时公告，全资子公司紫金龙净拟投资建设麻米措源网荷储一体化能源站项目（BOO形式），项目总规模为直流侧420MWp光伏+412.5MW/1650MWH电化学储能+30MW柴发（实际出力），项目总投资金额约为23.91亿元，拟由公司自筹。 该项目拟建设选址西藏自治区阿里地区改则县麻米乡境内，预计投运时间为2026年第二季度投运，项目建成后计划服务年限20年，预计年均发电量为7.61亿度，按275天生产周期，预计年用电量5.68亿度，预计结算电价为0.7元/KWh（含税）。 麻米措盐湖位于西藏自治区阿里地区改则县麻米乡境内，是世界少数几个锂资源量超过百万吨的盐湖之一，西藏阿里麻米措矿业开发有限公司（下称“麻米措矿业”）拟在麻米措盐湖矿区投资建设麻米措盐湖矿区锂硼矿开采项目（下称“锂硼矿开采项目”）。紫金矿业控股子公司藏格矿业股份有限公司间接持有麻米措矿业26.95%的股份。因锂硼矿开采项目当地电网薄弱、电力总功率小，为满足项目供能需求，推动麻米措新型能源电力系统建设，公司全资子公司紫金龙净拟投资建设麻米措源网荷储一体化能源站项目（BOO形式），项目总投资约23.91亿元，其中光伏区投资约10.5亿元，综合能源站（1650MWH电化学储能）投资约12.87亿元，其他费用约0.54亿元。 龙净环保表示，本项目是公司实现光伏、储能全场景与AI技术深度融合的重要举措。项目将构建清洁低碳、安全高效的现代能源体系，为矿区后续实现“黑灯工厂”生产支撑电源的稳定供给。同时，项目的实施能进一步扩大公司清洁能源发电业务规模，为公司注入可持续利润增长点，强化市场竞争力。（文章来源：证券时报网）"
2025-09-12 19:22:26,"龙净环保：子公司拟3.99亿美元投建刚果（金）凯兰庚水电站项目

上证报中国证券网讯（记者潘建樑）龙净环保晚间公告，公司全资子公司紫金龙净清洁能源有限公司通过其全资子公司紫金龙净国际（香港）控股有限公司在刚果（金）收购了GML公司80%股份，获取了140MW刚果（金）凯兰庚水电站项目开发权，项目总投资金额约为3.99亿美元，拟由公司自筹。 公司表示：本项目是公司践行“环保+新能源”双轮驱动战略、深化全球清洁能源布局的关键性工程。项目发电优先供给紫金矿业在刚果（金）的权属企业，深度强化产业协同优势，有效保障紫金矿业能源稳定供应并降低用电成本。作为公司国际化清洁能源布局的里程碑项目，其建成将进一步提升公司海外市场竞争力与品牌国际影响力。项目实施将扩大清洁能源发电业务规模，为公司注入可持续利润增长点，推动能源结构绿色转型，符合公司长期发展战略与全球低碳发展大势。（文章来源：上海证券报·中国证券网）"
2025-09-12 19:02:31,"龙净环保：拟在刚果（金）投建水电站项目 总额3.99亿美元

中证智能财讯龙净环保（600388）9月12日晚间公告，子公司紫金龙净清洁能源有限公司通过其全资子公司紫金龙净国际（香港）控股有限公司在刚果（金）收购了GML公司80%股份，获取了140MW刚果（金）凯兰庚水电站项目开发权，项目总投资金额约为3.99亿美元（人民币约28.42 亿元）。 据介绍，凯兰庚水电站位于刚果（金）上洛马米省的Lualaba河上，距离紫金矿业在刚果（金）的权属企业所在地科卢韦齐200km，该地区缺电明显，长期面临电力供需矛盾突出的问题，严重制约企业产能扩张。 因此，本项目将专注于为紫金矿业在刚果（金）科卢韦齐地区的权属矿业企业运营提供稳定的清洁电力，致力成为当地矿业能源供应链系统中的核心支持工程。 项目预计建设期为3.5年，预计年发电量7.14亿度，建成后90%电量将优先提供给紫金矿业在刚果（金）权属企业，10%将供给当地社区。矿区供电电价约0.16美元/KWh（不含税，科卢韦齐地区购买水电电价约0.21美元/KWh），当地社区供电价约0.10 美元/KWh（不含税）。 龙净环保表示，本项目是公司践行“环保+新能源”双轮驱动战略、深化全球清洁能源布局的关键性工程。作为公司国际化清洁能源布局的里程碑项目，其建成将进一步提升公司海外市场竞争力与品牌国际影响力。项目实施将扩大清洁能源发电业务规模，为公司注入可持续利润增长点，推动能源结构绿色转型，符合公司长期发展战略与全球低碳发展大势。 核校：王博（文章来源：中国证券报·中证网）"
2025-09-12 16:28:59,"龙净环保：全资子公司紫金龙净拟投资3.99亿美元建设刚果（金）凯兰庚水电站项目

每经AI快讯，9月12日，龙净环保(600388.SH)公告称，公司全资子公司紫金龙净通过其全资子公司紫金龙净国际（香港）控股有限公司在刚果（金）收购了GML公司80%股份，获取了140MW刚果（金）凯兰庚水电站项目开发权，项目总投资金额约为3.99亿美元，拟由公司自筹。该项目位于刚果（金）上洛马米省的Lualaba河上，距离紫金矿业在刚果（金）的权属企业所在地科卢韦齐200km，主要建设140MW水电站和220KV输电线路两部分。项目建成后，90%电量将优先提供给紫金矿业在刚果（金）权属企业，10%将供给当地社区。（文章来源：每日经济新闻）"
2025-09-12 16:26:06,"龙净环保：全资子公司拟投资3.99亿美元建设刚果（金）凯兰庚水电站项目

南方财经9月12日电，龙净环保(600388.SH)公告称，公司全资子公司紫金龙净通过其全资子公司紫金龙净国际（香港）控股有限公司在刚果（金）收购了GML公司80%股份，获取了140MW刚果（金）凯兰庚水电站项目开发权，项目总投资金额约为3.99亿美元，拟由公司自筹。该项目位于刚果（金）上洛马米省的Lualaba河上，距离紫金矿业在刚果（金）的权属企业所在地科卢韦齐200km，主要建设140MW水电站和220KV输电线路两部分。项目建成后，90%电量将优先提供给紫金矿业在刚果（金）权属企业，10%将供给当地社区。（文章来源：南方财经网）"
2025-09-11 20:34:28,"紫金矿业：关于2025年员工持股计划非交易过户完成的公告

证券日报网讯 9月11日晚间，紫金矿业发布公告称，2025年9月11日，公司收到中国证券登记结算有限责任公司出具的《过户登记确认书》，公司回购专用证券账户（证券账户号：B884520988）中所持有的6，431.6万股公司股票已以非交易过户的方式过户至公司2025年员工持股计划证券账户，过户价格为10.61元/股。截至本公告披露日，公司2025年员工持股计划证券账户持有公司股份6，431.6万股，占公司总股本的0.24%。（文章来源：证券日报）"
2025-09-11 19:09:26,"紫金矿业2025员工持股计划6432万股过户完成

紫金矿业（601899/02899）发布公告，关于2025年员工持股计划非交易过户完成的情况。公司于2025年6月26日召开股东会，审议通过员工持股计划。根据公告，2025年9月11日，公司收到中国证券登记结算有限责任公司出具的《过户登记确认书》，公司回购专用证券账户中持有的6432万股公司股票已以非交易过户方式转至员工持股计划证券账户，过户价格为10.61元/股。 截至公告披露日，员工持股计划证券账户持有公司股份6432万股，占公司总股本的0.24%。本次员工持股计划的存续期为60个月，锁定期为24个月，自公司股东会审议通过之日起计算。锁定期届满后，管理委员会将根据公司业绩指标和个人绩效考核结果分配份额。 2025年中期，紫金矿业实现收入1677.11亿元，归母净利润232.92亿元。（文章来源：财中社）"
2025-09-11 15:38:14,"紫金矿业港股股价盘中创新高

9月11日，紫金矿业港股价格盘中触及29.94港元，再度刷新历史纪录。Wind数据显示，截至14:13，紫金矿业港股涨0.9%，报29.26港元，折合人民币约26.76元，高于同期A股价格，AH溢价达到-4.54%。 市场分析称，在全球经济复苏预期和美联储降息周期推动下，黄金和铜的价格持续走强为紫金矿业股价提供了有力支撑。该公司2025年上半年净利润达233亿元人民币，同比大增54%。天风证券认为，在主营产品铜、金量价齐升的背景下，公司盈利能力有望长期提升。（文章来源：中国证券报·中证金牛座）"
2025-09-10 22:35:31,"紫金矿业大宗交易成交2.88亿元

紫金矿业9月10日大宗交易平台出现一笔成交，成交量1144.20万股，成交金额2.88亿元，大宗交易成交价为25.19元，相对今日收盘价溢价0.04%。该笔交易的买卖双方均为机构专用席位。 进一步统计，近3个月内该股累计发生50笔大宗交易，合计成交金额为14.10亿元。 证券时报·数据宝统计显示，紫金矿业今日收盘价为25.18元，下跌0.04%，日换手率为1.09%，成交额为56.02亿元，全天主力资金净流入8726.12万元，近5日该股累计上涨0.96%，近5日资金合计净流入6122.68万元。 两融数据显示，该股最新融资余额为55.32亿元，近5日增加11.48亿元，增幅为26.20%。（数据宝） 9月10日紫金矿业大宗交易一览 成交量（万股）成交金额（万元）成交价格（元）相对当日收盘折溢价（%） 买方营业部卖方营业部1144.2028822.4025.190.04机构专用机构专用 注：本文系新闻报道，不构成投资建议，股市有风险，投资需谨慎。 （文章来源：证券时报网）"
2025-09-10 17:36:36,"紫金矿业今日大宗交易溢价成交1144.2万股，成交额2.88亿元

9月10日，紫金矿业大宗交易成交1144.2万股，成交额2.88亿元，占当日总成交额的4.89%，成交价25.19元，较市场收盘价25.18元溢价0.04%。 （文章来源：界面新闻）"
2025-09-10 17:18:03,"大宗交易：紫金矿业成交2.88亿元，溢价0.04%（09-10）

2025年9月10日，紫金矿业发生了1笔大宗交易，总成交1144.2万股，成交金额2.88亿元，成交价25.19元，买卖双方均为机构账户。当日收盘报价25.18元，跌幅0.04%，成交金额56.02亿元；大宗交易成交金额占当日成交金额5.15%，溢价0.04%。大宗交易明细序号成交数量（股）成交金额（元）占当日成交额（%）成交价（元）收盘价（元）折溢率（%）买方卖方11144.20万2.88亿5.1525.1925.180.04机构专用机构专用数据来源：Choice数据9月10日，紫金矿业、光启技术、亚辉龙、中信证券、京东方A等公司均发生大宗交易，具体情况如下表：沪深京三市大宗交易一览（2025-09-10）证券代码证券简称成交笔数成交均价（元）收盘价（元）平均折溢率（%）成交总数量（股）成交总金额（元）占当日成交额（%）601899紫金矿业125.1925.180.041144.20万2.88亿5.15002625光启技术344.4045.77-2.99390.00万1.73亿10.62688575亚辉龙212.7015.15-16.171140.85万1.45亿310.72600030中信证券129.5229.480.14477.74万1.41亿5.40000725京东方A14.104.080.493262.85万1.34亿8.99数据来源：Choice数据（注：当日成交金额指竞价交易的成交金额，不包括大宗交易成交的部分）免责声明：本文基于AI生产，仅供参考，不构成任何投资建议，据此操作风险自担。"
2025-09-09 14:10:01,"紫金矿业旗下国际控股公司增资至180亿

人民财讯9月9日电，企查查APP显示，近日，紫金国际控股有限公司发生工商变更，注册资本由120亿元增至180亿元。企查查信息显示，该公司成立于2020年，法定代表人为蓝建明，经营范围包括以自有资金从事投资活动、企业总部管理、园区管理服务等，由紫金矿业全资持股。（文章来源：人民财讯）"
2025-09-09 11:14:45,"能源金属、贵金属齐涨！紫金矿业涨超4%，赤峰黄金涨停，有色50ETF(159652)涨3%创新高，盘中吸金超1800万！中金：有色或走出低波

9月9日，能源金属与贵金属齐涨，有色50ETF（159652）强劲涨超3%，盘中价创上市以来新高，资金再度汹涌增仓有色板块，有色50ETF（159652）盘中获净申购1400万份，按截至目前成交均价估算，净申购金额超1800万元！近5日有4日获净申购，近20日净申购金额超6亿元！ 从场内简称为“有色”的上市ETF跟踪指数来看，有色50ETF（159652）标的指数更高弹性，唯一涨幅超3%，这得益于其能源金属、贵金属、工业金属全覆盖，行业“不偏科”，收益来源更加多元，能充分把握有色金属内部轮动机遇！ 有色50ETF（159652）标的指数成分股中，黄金股多股涨停，西部黄金、赤峰黄金等10cm涨停，华西有色涨超8%，山东黄金、湖南黄金涨超7%，紫金矿业涨超4%，洛阳钼业、中国铝业等涨幅居前。 截至10:39，成分股仅做展示使用，不构成投资建议。 9月9日，国际金价持续刷新历史高位。现货黄金向上突破3653美元/盎司；COMEX黄金期货最高报价3688.8美元/盎司。截至9月8日，现货黄金、COMEX黄金期货年内累计涨幅均近40%。 海外消息面上，新一轮降息周期或即将开启. 当地时间9月5日，美国劳工部发布就业数据显示，8月非农新增就业2.2万，远少于市场预期的7.5万和上个月的7.9万，过去两个月的数据合计下修2.1万人。数据公布后，CME利率期货隐含的9月降息25bps概率升至89%降息50bps概率升至11%。 【贵金属：降息窗口将至，黄金向上突围】 中金公司表示，过去两周黄金价格实现向上突破，在8月初提示的短期机会如期兑现。市场持仓上，美国市场中避险和投机头寸形成增持合力；8月下旬以来，SPDR黄金ETF持仓累计增持24吨、COMEX黄金期货投机净多头累计增加约18%。美国8月非农就业数据再次爆冷，新增就业2.2万人，远低于市场预期的7.5万和7.9万的前值，同时失业率进一步抬升至4.32%。就业数据连续2个月的疲软表现一方面使得美联储在9月重启降息成为基准情形，更为重要或为后续持续降息的预期窗口也有所打开。往前看，我们认为降息预期交易或依然有望在短期为黄金提供支撑，后续行情的可持续性或取决于美国经济是否进一步放缓，以及持续降息窗口能否进一步打开。（来源于中金公司20250908《图说大宗：降息落地在即，贵金属与有色或走出低波》） 【工业金属：金融属性延续顺风，叠加“金九银十”旺季需求预期结构性改善】 美联储降息预期进一步抬升，叠加“金九银十”旺季需求预期结构性改善，工业金属价格有较强上涨动力。 民生证券指出，铜方面，本周SMM进口铜精矿指数（周）报40.85美元/吨，环比增加0.63美元/吨，9月电解铜产量环比下降引发市场担忧，电解铜产量下滑将主要体现在10月，叠加进入9月消费旺季，我们预计后续需求基本面仍旧有较强支撑。铝方面，供应端随着置换产能持续投产放量，电解铝周度产量小幅增长，至84.73万吨，需求侧持货商挺价惜售情绪再起，下游逢低补库，需求存支撑。铝型材龙头企业开工率环比提升1pct至53%。国内电解铝社会库存62.6万吨，周度累库0.6万吨。 【能源金属：钴原料进口供应继续减少，锂需求旺季逐渐兑现】 民生证券表示，能源金属：钴原料进口供应继续减少，钴价或将迎来主升浪，锂需求旺季逐渐兑现，看好后市钴锂表现。锂方面，当前正处于“金九银十”传统旺季，下游材料厂和电芯厂采购意愿有所增强，库存周期小幅拉长。同时在期货价格持续下跌的趋势下，下游点价活跃。9月市场步入供需双增格局，需求增速预计快于供应，后续将出现阶段性供应偏紧局面，碳酸锂价格预计持续偏强。钴方面，钴中间品价格维持偏强，主流矿商和贸易挺价情绪激烈，原料短缺问题仍存。钴盐价格大幅上涨，需求端近期市场采购情绪明显转好，采购意愿增强，且部分企业大规模补库。伴随国内钴产业链库存持续消化叠加旺季需求预期，钴价预计继续走强。镍方面，供应端镍盐厂现货供应较少，叠加高价原材料成本压力，支撑镍盐报价持续上行。需求端经历下游企业采购高峰，前驱体仍有原料需求，硫酸镍现货偏紧，预计镍盐价格继续上行。（来源于民生证券20250907《降息+旺季助推金属价格上行，黄金右侧布局时机来临》） 整体来看，当前整个有色配置价值突出，受“供给端收缩政策、需求端新质动能、经济周期共振、全球通缩预期、美元信用危机”等多重催化，规模同类领先的有色50ETF（159652）也备受关注！据公开数据整理，有色50ETF（159652）标的指数全面涵盖金、铜、稀土等金属板块，根据中信三级行业分布，其铜含量达31%，同类领先！ 值得注意的是，2019年至2025年8月10日，有色50ETF（159652）标的指数（全收益）累计收益率达140%，但同期估值PE不增反降，收缩20%，反映指数上涨主要由盈利增长驱动，而非估值扩张。 若看好未来贵金属及大宗工业金属投资机遇，认准规模领先、“金铜含量”更高的有色50ETF（159652），场外联接(A类：019164；C类：019165)。 风险提示：基金有风险，投资需谨慎。投资人应当阅读《基金合同》《招募说明书》《产品资料概要》等法律文件，了解基金的风险收益特征，特别是特有风险，并根据自身投资目的、投资经验、资产状况等判断是否和自身风险承受能力相适应。基金管理人承诺以诚实信用、谨慎尽责的原则管理和运用基金资产，但不保证基金一定盈利或本金不受损失。有色50ETF属于中等风险等级（R3）产品，适合经客户风险承受等级测评后结果为平衡型（C3）及以上的投资者。请投资者关注指数化投资的风险以及集中投资于成分股的持有风险，请关注部分指数成分股权重较大、集中度较高的风险，请关注指数化投资的风险、ETF运作风险、投资特定品种的特有风险等。文中提及个股仅为指数成份股客观展示列举，本文出现信息只作为参考，投资人须对任何自主决定的投资行为负责。本文中的任何观点、分析及预测不构成对阅读者任何形式的投资建议。（文章来源：界面新闻）"
2025-09-09 11:07:46,"能源金属、贵金属齐涨！紫金矿业涨超4% 赤峰黄金等多股涨停 有色50ETF涨3%创新高！降息落地在即 有色或走出低波

9月9日，能源金属与贵金属齐涨，有色50ETF（159652）强劲涨超3%，盘中价创上市以来新高，资金再度汹涌增仓有色板块，有色50ETF（159652）盘中获净申购1400万份，按截至目前成交均价估算，净申购金额超1800万元！近5日有4日获净申购，近20日净申购金额超6亿元！ 有色50ETF（159652）标的指数成分股中，黄金股多股涨停，西部黄金、赤峰黄金等10cm涨停，华西有色涨超8%，山东黄金、湖南黄金涨超7%，紫金矿业涨超4%，洛阳钼业、中国铝业等涨幅居前。 9月9日，国际金价持续刷新历史高位。现货黄金向上突破3653美元/盎司；COMEX黄金期货最高报价3688.8美元/盎司。截至9月8日，现货黄金、COMEX黄金期货年内累计涨幅均近40%。 中金公司表示，过去两周黄金价格实现向上突破，在8月初提示的短期机会如期兑现。市场持仓上，美国市场中避险和投机头寸形成增持合力；8月下旬以来，SPDR黄金ETF持仓累计增持24吨、COMEX黄金期货投机净多头累计增加约18%。美国8月非农就业数据再次爆冷，新增就业2.2万人，远低于市场预期的7.5万和7.9万的前值，同时失业率进一步抬升至4.32%。就业数据连续2个月的疲软表现一方面使得美联储在9月重启降息成为基准情形，更为重要或为后续持续降息的预期窗口也有所打开。往前看，我们认为降息预期交易或依然有望在短期为黄金提供支撑，后续行情的可持续性或取决于美国经济是否进一步放缓，以及持续降息窗口能否进一步打开。（来源于中金公司20250908《图说大宗：降息落地在即，贵金属与有色或走出低波》） 整体来看，当前整个有色配置价值突出，受“供给端收缩政策、需求端新质动能、经济周期共振、全球通缩预期、美元信用危机”等多重催化，规模同类领先的有色50ETF（159652）也备受关注！据公开数据整理，有色50ETF（159652）标的指数全面涵盖金、铜、稀土等金属板块，根据中信三级行业分布，其铜含量达31%，同类领先！"
2025-09-09 08:59:23,"紫金矿业等成立新公司 含矿产资源储量评估业务

企查查APP显示，近日，池州市朱庄矿业有限公司成立，注册资本2000万元，经营范围包含：矿产资源勘查；矿产资源储量评估服务；地质勘查技术服务；大气污染治理等。企查查股权穿透显示，该公司由紫金矿业等共同持股。 （文章来源：人民财讯）"
2025-09-08 14:13:02,"紫金矿业等在池州成立新公司

南方财经9月8日电，天眼查工商信息显示，近日，池州市朱庄矿业有限公司成立，法定代表人为康旭，注册资本2000万人民币，经营范围包括矿产资源勘查、矿产资源储量评估服务、地质勘查技术服务等。股东信息显示，该公司由紫金矿业（601899）、安徽焦冲矿业有限公司共同持股。 （文章来源：南方财经网）"
2025-09-08 14:10:39,"紫金矿业等在池州成立新公司，注册资本2000万

天眼查工商信息显示，近日，池州市朱庄矿业有限公司成立，法定代表人为康旭，注册资本2000万人民币，经营范围包括矿产资源勘查、矿产资源储量评估服务、地质勘查技术服务等。股东信息显示，该公司由紫金矿业、安徽焦冲矿业有限公司共同持股。（文章来源：界面新闻）"
2025-09-05 15:38:47,"紫金矿业A股创收盘价历史新高

人民财讯9月5日电，2025年9月5日，紫金矿业A股股价大涨近6%，收报25.27元/股，A股市值超过5200亿元，双双创出历史新高。以A股市值排名，紫金矿业跻身第十九位。 （文章来源：人民财讯）"
2025-09-04 18:24:58,"紫金矿业董事长陈景河与塞尔维亚总统武契奇在京会谈

据紫金矿业官微消息，9月3日下午，紫金矿业董事长陈景河与来华访问的塞尔维亚总统武契奇在北京会谈。武契奇总统表示，紫金矿业在塞尔维亚的重大投资项目有力带动了塞矿业行业的复苏升级，是塞东部地区乃至全国经济持续增长的重要支柱。塞尔维亚政府始终将紫金视作最重要的合作伙伴之一，愿意与紫金在资源勘查开发、冶炼加工、贸易销售及环境保护等领域开展更多务实合作，期待紫金在塞尔维亚创造更多就业岗位。塞政府高度重视紫金矿业有关诉求，将进一步加大力度为企业更好更快发展提供支持和帮助。（文章来源：界面新闻）"
2025-09-03 18:41:52,"紫金矿业：副总裁于9月2日至3日累计减持25万股

南方财经9月3日电，紫金矿业(601899.SH)公告称，公司副总裁沈绍阳因筹集公司2025年员工持股计划认购资金需求原因，于2025年9月2日至3日通过集中竞价交易方式累计减持公司股份25万股，减持价格区间为24.55至25.5元/股，减持总金额为625万元。本次减持计划已实施完毕。（文章来源：南方财经网）"
2025-09-03 18:21:04,"紫金矿业：副总裁沈绍阳减持计划实施完毕

紫金矿业晚间公告，2025年9月3日，公司收到沈绍阳减持股份结果情况告知函，本次减持计划已实施完毕，沈绍阳通过集中竞价交易方式累计减持公司股份25万股。本次减持计划实施前，公司副总裁沈绍阳持有公司股份100.1万股，占公司总股份0.004%，股份来源于公司股权激励及参与公司公开增发A股认购所得。（文章来源：界面新闻）"
2025-09-03 10:34:29,"金铜价格飙涨，紫金矿业、江西铜业涨2%！有色50ETF(159652)一度涨超2%，连续4日强势吸金超2亿元！全球通胀预期再起，有色金属全面开花

9月3日，A股市场回暖，上证指数微涨，创业板指涨超1%，科创板承压。有色板块强劲冲高，截至9:40，有色50ETF（159652）一度涨超2%。资金已连续4日流入受“全球通胀预期升温+去美元加速+降息预期升温+宏观需求提振”等多重利好的有色金属板块，有色50ETF（159652）近4日累计吸金超2亿元，有色金属细分下的金、铜、稀土等金属全面爆发！ 有色50ETF（159652）标的指数成分股涨跌不一，贵金属板块强势冲高，白银有色、西部黄金等涨停，中金黄金、赤峰黄金等涨超3%，山东黄金涨2.9%，紫金矿业涨近2%，北方稀土、华友钴业等跟涨，洛阳钼业、中国稀土等回调。 【有色50ETF（159652）标的指数成分股】 截至10:00，成分股仅做展示使用，不构成投资建议。 9月3日，现货黄金短线拉升，一度突破3545美元/盎司，续创新高！COMEX黄金一度站上3600美元/盎司，同样再创历史新高。此外，铜价攀升至五个月高点，之前LME开盘推迟。伦敦金属交易所(LME)三个月期铜现涨0.37%，报10017.5美元/吨；COMEX铜期货涨0.62%，报4.67美分/磅。 拉长周期，金价在8月22日杰克逊霍尔会议后呈现上行态势，或是美联储主席鲍威尔在杰克逊霍尔会议上讲话提升市场降息预期所致。此外，市场正面临多重不确定性因素，包括贸易政策的法律变数、长期国债收益率飙升、以及九月本身作为历史上美股表现最疲弱月份的季节性压力，市场避险情绪浓厚推升金价上行。 【贵金属：去美元化加速&美联储降息预期的升温，黄金有望中长期上涨】 西部证券指出，美联储独立性再遭挑战，去美元化加速。当美元不再安全，黄金作为最典型的“安全资产”将首先顶替美元位置。随着美联储政策独立性愈发难以保证、美债规模不断扩大，央行购金取代美元储备的趋势将加速，成为黄金确定性最强的需求，有望驱动黄金中长期上涨。随着去美元化加速和美联储降息预期的升温，COMEX黄金重回3500美元/盎司以上，突破了此前的阻力位，有望开启一段长上行趋势。（来源于西部证券20250902《黄金，做多》） 宏源期货同样表示，美联储主席鲍威尔因就业供需趋弱而释放9月降息预期，叠加美国持续施压或更换美联储官员，全球多国央行持续购买黄金，或使贵金属价格易涨难跌。（来源于宏源期货20250902《贵金属(黄金与白银) | 全球多国财政或已开启主动扩张，美联储降息预期支撑贵金属价格》） 【有色金属：酝酿需求旺季，预计铜价格将走强】 华鑫证券指出，废铜原料减少，铜价支撑变强。8月电解铜产量仅有小幅下降，而9月预期因阳极板供应紧张将导致大面积减产，预期环比下降约5.25万吨。在770号文的影响下，废铜杆与废产阳极开工率在近期均出现大幅回落，精废替代作用凸显，电解铜消费受到支撑。需求端，随着8月进入尾声，“金九银十”旺季即将到来，下游周度开工率本周复苏迹象渐浓。叠加9月美联储降息的预期，预计铜价偏强为主。（来源于华鑫证券《美联储降息叠加国内需求旺季将临，看好贵金属》） 整体来看，当前整个有色配置价值突出，受“供给端收缩政策、需求端新质动能、经济周期共振、全球通缩预期、美元信用危机”等多重利好，规模同类领先的有色50ETF（159652）也备受关注！据公开数据整理，有色50ETF（159652）标的指数全面涵盖金、铜、稀土等金属板块，根据中信三级行业分布，其铜含量达31%，同类领先！ 值得注意的是，2019年至2025年8月10日，有色50ETF（159652）标的指数（全收益）累计收益率达140%，但同期估值PE不增反降，收缩20%，反映指数上涨主要由盈利增长驱动，而非估值扩张。 若看好未来贵金属及大宗工业金属投资机遇，认准规模领先、“金铜含量”更高的有色50ETF（159652），场外联接(A类：019164；C类：019165)。 风险提示：基金有风险，投资需谨慎。投资人应当阅读《基金合同》《招募说明书》《产品资料概要》等法律文件，了解基金的风险收益特征，特别是特有风险，并根据自身投资目的、投资经验、资产状况等判断是否和自身风险承受能力相适应。基金管理人承诺以诚实信用、谨慎尽责的原则管理和运用基金资产，但不保证基金一定盈利或本金不受损失。有色50ETF属于中等风险等级（R3）产品，适合经客户风险承受等级测评后结果为平衡型（C3）及以上的投资者。请投资者关注指数化投资的风险以及集中投资于国证生物医药指数成分股的持有风险，请关注部分指数成分股权重较大、集中度较高的风险，请关注指数化投资的风险、ETF运作风险、投资特定品种的特有风险等。文中提及个股仅为指数成份股客观展示列举，本文出现信息只作为参考，投资人须对任何自主决定的投资行为负责。本文中的任何观点、分析及预测不构成对阅读者任何形式的投资建议。（文章来源：界面新闻）"
2025-09-03 10:10:48,"紫金矿业股价又创新高，今日涨2.87%

紫金矿业股价再创历史新高，该股近期呈不断突破新高之势，近一个月累计有11个交易日股价刷新历史纪录。截至09:35，该股目前上涨2.87%，股价报25.11元，成交6242.18万股，成交金额15.72亿元，换手率0.30%，该股最新A股总市值达5169.83亿元，该股A股流通市值5169.63亿元。 证券时报·数据宝统计显示，紫金矿业所属的有色金属行业，目前整体涨幅为1.30%，行业内，目前股价上涨的有88只，涨幅居前的有白银有色、西部黄金、中矿资源等，涨幅分别为10.09%、5.15%、4.53%。股价下跌的有48只，跌幅居前的有金钼股份、广晟有色、大地熊等，跌幅分别为4.01%、2.20%、1.86%。 两融数据显示，该股最新（9月2日）两融余额为44.31亿元，其中，融资余额为43.84亿元，近10日增加9.39亿元，环比增长27.25%。 机构评级来看，近10日共有10家机构对该股进行评级，预计目标价最高的是中金公司证券，8月29日中金公司证券发布的研报给予公司目标价为29.00元。 公司发布的半年报数据显示，上半年公司共实现营业收入1677.11亿元，同比增长11.50%，实现净利润232.92亿元，同比增长54.41%，基本每股收益为0.8770元，加权平均净资产收益率16.11%。（数据宝）（文章来源：证券时报网）"
2025-09-02 17:07:47,"紫金矿业等入股固态电池研发商屹锂科技

企查查APP显示，近日，上海屹锂新能源科技有限公司发生工商变更，新增紫金矿业全资子公司紫金矿业投资（上海）有限公司等为股东。企查查信息显示，该公司成立于2021年，法定代表人为张希，经营范围包含：电池销售；蓄电池租赁；电池制造；电池零配件销售等。公开信息显示，屹锂科技致力于固态电池研发和产业布局。（文章来源：人民财讯）"
2025-09-02 10:07:25,"紫金矿业持续走强，股价再创新高

紫金矿业股价再创历史新高，该股近期呈不断突破新高之势，近一个月累计有10个交易日股价刷新历史纪录。截至09:34，该股目前上涨1.15%，股价报24.66元，成交4578.95万股，成交金额11.31亿元，换手率0.22%，该股最新A股总市值达5077.18亿元，该股A股流通市值5076.99亿元。 证券时报·数据宝统计显示，紫金矿业所属的有色金属行业，目前整体涨幅为0.09%，行业内，目前股价上涨的有46只，涨幅居前的有白银有色、西部黄金、湖南白银等，涨幅分别为10.08%、10.00%、6.11%。股价下跌的有93只，跌幅居前的有云南锗业、海星股份、和胜股份等，跌幅分别为4.03%、3.87%、3.69%。 两融数据显示，该股最新（9月1日）两融余额为43.32亿元，其中，融资余额为42.85亿元，近10日增加10.31亿元，环比增长31.68%。 机构评级来看，近10日共有9家机构对该股进行评级，预计目标价最高的是中金公司证券，8月29日中金公司证券发布的研报给予公司目标价为29.00元。 公司发布的半年报数据显示，上半年公司共实现营业收入1677.11亿元，同比增长11.50%，实现净利润232.92亿元，同比增长54.41%，基本每股收益为0.8770元，加权平均净资产收益率16.11%。（数据宝）（文章来源：证券时报网）"
2025-09-01 23:58:56,"紫金矿业现3笔大宗交易 总成交金额1688.56万元

紫金矿业9月1日大宗交易平台共发生3笔成交，合计成交量69.26万股，成交金额1688.56万元。成交价格均为24.38元。 进一步统计，近3个月内该股累计发生49笔大宗交易，合计成交金额为11.22亿元。 证券时报·数据宝统计显示，紫金矿业今日收盘价为24.38元，上涨5.63%，日换手率为1.83%，成交额为90.88亿元，全天主力资金净流出2.10亿元，近5日该股累计上涨9.77%，近5日资金合计净流出9.01亿元。 两融数据显示，该股最新融资余额为33.50亿元，近5日减少2677.26万元，降幅为0.79%。 机构评级来看，近5日共有9家机构给予该股评级，预计目标价最高的是中金公司证券，8月29日中金公司证券发布的研报预计公司目标价为29.00元。（数据宝） 9月1日紫金矿业大宗交易一览 成交量（万股）成交金额（万元）成交价格（元）相对当日收盘折溢价（%） 买方营业部卖方营业部28.52695.3224.380.00中国国际金融股份有限公司北京建国门外大街证券营业部平安证券股份有限公司深圳金田路证券营业部20.37496.6224.380.00中国国际金融股份有限公司北京建国门外大街证券营业部平安证券股份有限公司深圳金田路证券营业部20.37496.6224.380.00中国国际金融股份有限公司北京建国门外大街证券营业部平安证券股份有限公司深圳金田路证券营业部 注：本文系新闻报道，不构成投资建议，股市有风险，投资需谨慎。 （文章来源：证券时报网）"
2025-08-29 17:21:32,"金钼股份：与紫金矿业签署合作意向书 拟合作开发安徽金寨沙坪沟钼矿

8月29日，金钼股份(601958.SH)公告称，公司与紫金矿业签署《合作意向书》，双方就合作开发安徽金寨沙坪沟钼矿达成初步意向。紫金矿业拟以成本价向金钼股份转让持有的金沙钼业部分股权，转让完成后，紫金矿业（或其关联企业）持有金沙钼业60%股权，金钼股份合计持有金沙钼业34%股权。双方还计划共同出资设立冶炼公司，从事钼金属的冶炼及深度加工等业务。该意向书为框架性约定，后续能否签订正式交易合同存在不确定性。（文章来源：每日经济新闻）"
2025-08-28 21:15:33,"紫金矿业上半年净利润233亿元 黄金板块毛利贡献大幅提升超过铜

主营矿产品量价齐升之下，国内“矿茅”紫金矿业（601899.SH/2899.HK）今年上半年主要业绩指标均创历史新高。 该公司最新披露的业绩报告显示，今年上半年实现营收1677.11亿元，和上年同期相比（同比）增加11.50%；归属于上市公司股东的净利润为232.92亿元，同比增加54.41%。 根据财报披露，公司主营矿产品产量稳步提升，上半年实现矿产铜57万吨，同比增长9%；矿产金41吨，同比增长16%，矿产银224吨，同比增长6%；矿产锌（铅）20万吨，当量碳酸锂7315吨。得益于量价齐升及成本优化，公司整体矿产品毛利率同比增加3个百分点至60.23% 从营收占比来看，铜业务销售收入占报告期内营业收入的 27.8%（抵销后），毛利占集团毛利的38.5%；黄金业务销售收入占报告期内营业收入的49.1%（抵销后），得益于黄金价格大幅度上涨，毛利占集团毛利的38.6%，与铜旗鼓相当。 截至目前，紫金矿业境外资产为2058亿元，占总资产的比例为47%。 公司2024年度分红74亿，叠加中期分红27亿元，年度分红首超百亿规模，位居A股2025年上市公司现金分红榜第38位。经股东会议授权，公司董事会同意实施2025年中期每股分红0.22元（含税），拟分红总额58.5亿元。 值得关注的是，今年5月，紫金矿业公告刚果（金）卡莫阿-卡库拉铜矿的卡库拉矿段接连发生多次矿震，致使卡库拉矿段东区大面积被淹，井下采矿作业暂停，截至目前恢复时间尚不确定。紫金矿业为卡莫阿-卡库拉铜矿的最大实际权益股东，目前持有的实际权益约为 44.44%，该矿也是紫金矿业旗下最大铜矿。 紫金矿业称，受该事件影响，卡莫阿-卡库拉铜矿全年产量计划将从52万-58万吨下调为37万-42万吨，紫金矿业2025年矿产铜权益产量将相应减少4.4万-9.3万吨。不过，报告中也提到，预计对公司全年矿产铜产量不会带来重要影响。 在矿产铜方面，下半年，藏巨龙铜矿二期有望在年底前建成投产；卡莫阿铜矿配套的非洲最大铜冶炼厂即将建成，达产后年产阳极铜50万吨；其他重点增量项目如塞尔维亚佩吉铜矿下部带、黑龙江多宝山铜山铜矿建设等在加速推进。 就黄金板块，紫金矿业称，下半年，加纳阿基姆金矿正提升采矿效率和高品位矿石供应；苏里南罗斯贝尔金矿、哥伦比亚武里蒂卡金矿等南美项目提升采选能力，确保年度产量目标；参股的国内最大单体金矿山东海域金矿也正加速推进。 紫金矿业在报告中写道，全球地缘政治动荡加剧，“关税战”阴云笼罩；同时资源民族主义抬头，供应链冲击频现，金属矿业企业面临投资环境恶化，品位下降，成本上升等挑战。不过，在铜、黄金等品种价格上涨驱动下，紫金矿业仍在积极并购并进一步整合全球化布局。 4月，紫金矿业宣布加纳Akyem金矿项目100%权益收购交易完成交割，该笔收购斥资10亿美元（约合人民币70.71亿元）。随后的6月，紫金矿业宣布收购哈萨克斯坦Raygorodok金矿项目100%权益。 此外，紫金矿业今年上半年正式启动将境外黄金矿山资产重组，并申请将旗下紫金黄金国际分拆至香港联交所主板上市。公司此前披露的预案显示，紫金矿业拟分拆至港股上市的资产将由八座位于南美、中亚、非洲和大洋洲的大型黄金矿山组成。八座矿山分别为武里蒂卡金矿、诺顿金田金矿、罗斯贝尔金矿、奥罗拉金矿、吉劳/塔罗金矿、阿基姆金矿、左岸金矿、波格拉金矿。 紫金矿业最新称，这是公司的重大战略举措，体现公司加大黄金业务投资的信心，对于公司2028年矿产金100-110吨产量目标的实现具有重要战略意义。 截至8月28日收盘，紫金矿业股价为22.52元/股，下跌0.04%，最新市值为5985.27亿元。今年以来，公司股价累计上涨超50%。（文章来源：澎湃新闻）"
2025-08-27 19:30:07,"净资产收益率全球矿业居首 紫金矿业市值首破6000亿元

最新的《财富》世界500强榜单中，紫金矿业的净资产收益率位居全球金属矿业企业第1位，源于这家公司近两年极强的盈利能力。 8月26日晚间，紫金矿业发布半年报，当期在营业收入增长11.5%的基础上，归母净利润增长54.41%至233亿元。 紫金矿业已经连续两年盈利大幅增长。2023年、2024年，其归母净利润分别为211亿元、321亿元。而结合下半年铜、金价格及生产情况来看，紫金矿业今年盈利有望再增百亿规模，突破400亿元。 实际上，紫金矿业半年报发布前，已有少数机构将其全年盈利预期上调到了460亿元以上。 而与前两年不同的是，今年紫金矿业变得更为注重市值管理。 从首次发布市值管理制度、公司董事长陈景河成为第一责任人，到今年4月上旬3天完成10亿元股票回购计划，再到逐步提高股权激励在薪酬构成占比、高管承诺放弃2025年度部分奖励薪酬，均显现出紫金矿业对其资本市场表现的重视程度。 加上二季度以来股市的系统性上涨，今年紫金矿业股价大幅上涨。截至8月27日收盘，A股、H股年内涨幅分别超过51%、78%，当日盘中总市值也成功突破6000亿元。 而紫金矿业的美股同行南方铜业、自由港麦克莫兰，最新市值分别约合人民币5687亿元、4560亿元左右。 233亿元盈利背后 233亿元只是归属上市公司的净利润，如果加上少数股东损益、税收，紫金矿业上半年利润总额已经直逼350亿元。 在紫金矿业现有的业务板块中，铜、金两项产品构成了其主要业绩来源。根据半年报，当期黄金业务、铜业务的销售收入占比分别为49.1%、27.8%（抵销后），毛利润占比则达到38.6%、38.5%。 上半年，这两大主力产品都受到量、价的双重驱动。先看产量，当期紫金矿业实现矿产铜57万吨，同比增长9%，矿产金41吨，同比增长16%。在价格层面，上半年，黄金价格一度升至3500美元/盎司的历史新高，整体涨幅明显，对紫金矿业的盈利拉动已经高于铜业务。 相关数据显示，上半年伦敦金现货均价达3067美元/盎司，同比增长39.2%，而同期伦铜保持高位震荡，均价仅同比增长2.6%。 在这种巨大价格涨幅差异下，紫金矿业黄金产品的利润率提升幅度明显高于铜产品。 仅以最上游的矿产品为例，受到成本抬升的影响，当期紫金矿业铜精矿毛利率下降2个百分点左右至65.03%；金精矿单位成本虽然由151.5元/克增加至181.93元/克，但是毛利率则从上年同期的67.75%提升至今年的72.59%。 除此以外，铅锌、白银和锂产品由于规模相对较小，对上市公司整体业绩拉动有限。反而是铁、钼、钨、钴、硫酸等其他产品，在营收与毛利润方面均为紫金矿业贡献了18%左右。 需要指出的是，站在半年度节点上，紫金矿业也对全年生产预期进行了部分调整。 其中，位于非洲刚果（金）的卡莫阿-卡库拉铜矿项目受上半年矿震引发的淹井事件影响，全年产量计划从52~58万吨下调为37~42万吨，拥有其44.44%权益的紫金矿业，产量随之下降。不过，今年4月末，紫金矿业完成对藏格矿业控制权的收购，因此在西藏巨龙铜业的权益产铜量得以小幅增长。 此外，受到碳酸锂价格低迷影响，紫金矿业也对该业务的经营目标进行了重新修正。“公司放缓矿山的建设和投产进度，不以完成年初设定的锂产品产量计划为目标，进一步开展技改降本等措施，夯实成本基础。”紫金矿业在半年报中指出。 整体上看，上半年推动紫金矿业盈利增长的主要逻辑，至今仍在延续。 比如铜、金价格，7月以来虽然未能进一步走高，但是继续保持在历史高位震荡。截至8月27日午后，伦铜、伦敦金现货较6月末分别下跌0.4%和上涨2.3%。 在上述背景下，紫金矿业经营业绩会继续保持稳定，近几年盈利每年增加百亿的趋势，也将大概率得到延续。 实际上，在公司发布半年度业绩预告后，卖方已经普遍上调紫金矿业全年盈利预期值至400亿元以上，少数机构更是给出了全年归母净利润460亿元以上的预期值。 如今，结合半年报盈利数据，以及产品价格、企业生产情况来看，实现上述盈利预期并非没有可能。 发力市值管理成效几何？ “紫金目前的市值管理做得不算很好。我们的成长性非常好，但是估值不怎么样。从同业来说，跟海外的南方铜业、自由港比，我们业绩肯定比他们好很多，但是我们的市值比他们还低……”今年3月下旬，陈景河曾表示。 在披露2024年年报的同时，紫金矿业还首次对外发布了一份市值管理制度。 在这份市值管理制度中，陈景河被列为市值管理的第一责任人，董秘郑友诚则是市值管理工作的直接负责人，同时明确了“董事、高级管理人员应当积极参与提升公司投资价值的各项工作”。 结果，紫金矿业在明确加强市值管理工作后不久，便遭遇外部关税政策变化所引发的市场异动。 4月上旬，COMEX铜在短短三天大跌19.88%，几乎抹平了一季度所有涨幅，尤其是4月7日，美股、A股和H股铜矿类上市公司普遍跌幅在15%以上，当天紫金矿业市值损失超450亿元。 对于上述市场波动，紫金矿业亦在半年报中指出，“公司果断决策，仅3日便实施完毕10亿元股份回购计划，有效维护市值稳定。” 对于市值管理工作，这家公司还表示，“推出2025年员工持股计划，逐步提高股权激励方式在薪酬构成中的占比，实现对核心人员深度绑定；公司执行董事、高管在认购同时，另承诺放弃 2025年度的部分奖励薪酬，以实际无折扣的方式表达对公司发展的信心。” 此外，在2024年分红100.8亿元的基础上，紫金矿业今年还计划进行58.5亿元的中期分红。 上述背景下，今年紫金矿业股价最终出现大幅上涨。截至8月27日收盘，紫金矿业A股年内涨幅达到51.18%，同期H股涨幅则达到78.05%，当日盘中，总市值一度突破6000亿元。 当然，其市值增长，除了自身因素以外，也离不开证券市场系统性走强的大背景。 Wind数据显示，截至8月27日，申万有色行业年度涨幅达到46.19%，位居所有申万行业首位，其中更为细分的申万黄金、申万铜板块分别上涨49.57%、47.27%。紫金矿业同期A股涨幅，不过是刚刚跑赢行业平均值，并且与上半年归母净利润54.41%的增速基本相当。 所以，从上述角度来看，截至目前紫金矿业的股价涨幅，只是盈利增长与二级市场走强的体现，而不是来自于其估值水平的增长。部分数据对比也可以提供一些佐证。 今年3月21日晚间，紫金矿业披露2024年年报，当天其收盘价为17.32元，根据2024年每股收益计算的市盈率为14.3倍。8月26日晚间，紫金矿业披露2025年半年报，根据wind卖方一致预测结果，其2025年全年每股收益为1.57元，按照22.53元的收盘价计算，其年化市盈率为14.35倍，估值较今年3月下旬并无实质性增长。 从上述角度来看，紫金矿业今年的市值管理工作在“一顿操作”之后，只能算是及格。（文章来源：21世纪经济报道）"
2025-08-27 18:25:39,"卡库拉矿段复产时间未定，碳酸锂终于放量？紫金矿业上半年盈利增速超50%

8月26日晚间，紫金矿业（601899.SH/2899.HK）披露半年报，实现归母净利润同比增长超50%。 时代周报记者注意到，其大手笔投入的碳酸锂业务终于放量。上半年，紫金矿业大手笔布局的碳酸锂业务终于迎来放量，其当量碳酸锂产量为7315吨，同比增长2961%。 对于这7315吨碳酸锂的来源，8月27日，时代周报致电紫金矿业证券部，对方表示，主要来自新并表的藏格矿业（000408.SZ），此外西藏拉果盐湖亦有贡献。 另外，上半年紫金矿业旗下刚果（金）卡莫阿-卡库拉铜矿的卡库拉矿段接连发生多次矿震，致使卡库拉矿段东区大面积被淹，井下采矿作业暂停，恢复时间尚不确定。 8月27日的业绩交流会上，紫金矿业表示，卡库拉矿段的矿震对财产破坏非常严重，特别是东段因处于含水层并设有水管，整个矿井被水淹没，目前主要问题为抽水，还需要较长的时间解决，何时复产等待后续评估。 8月27日，紫金矿业报22.53元/股，微涨0.63%，市值5988亿元。 卡库拉矿段复产时间仍未定 2025年上半年，紫金矿业营收1677.11亿元，同比增长11.50%；归母净利润232.92亿元，同比增长54.41%。 上半年，紫金矿业确认全集团计提的资产减值准备共计6347.8万元。其中：计提信用减值损失2743.7万元，计提资产减值损失3604.1万元。 主营矿产品产量方面，今年上半年，紫金矿业实现矿产铜57万吨，同比增长9%；矿产金41吨，同比增长16%；矿产银224吨，同比增长6%；矿产锌（铅）20万吨。得益于量价齐升及成本优化，公司整体矿产品毛利率同比增加3个百分点至60.23%。 不过，其毛利占集团毛利38.5%的铜业务方面在上半年出现了一些变数。 5月，紫金矿业旗下刚果（金）卡莫阿-卡库拉铜矿的卡库拉矿段接连发生多次矿震，致使卡库拉矿段东区大面积被淹，井下采矿作业暂停，恢复时间尚不确定。 受此淹井事件影响，该项目全年产量计划将从52~58万吨下调为37~42万吨，紫金矿业2025年矿产铜权益产量将相应减少4.4-9.3万吨。 在今日的业绩交流会上，紫金矿业表示，卡库拉矿段的矿震对财产破坏非常严重，特别是东段因处于含水层并设有水管，整个矿井被水淹没，目前主要问题为抽水，还需要较长的时间解决，何时复产等待后续评估。 今年6月30日，紫金矿业还向港交所正式递交申请，将以全球发售的方式对紫金黄金国际进行分拆，且紫金黄金国际在港交所主板独立上市。 值得一提的是，紫金矿业的主要黄金资产均在境外。此次拟分拆上市资产由八座位于南美、中亚、非洲和大洋洲的世界级大型黄金矿山组成，分别为武里蒂卡金矿、诺顿金田金矿、罗斯贝尔金矿、奥罗拉金矿、吉劳/塔罗金矿、阿基姆金矿、左岸金矿和波格拉金矿。 半年报中，紫金矿业披露，境外黄金板块分拆上市正高效推进。随着黄金价格上涨，通过项目技术经济重新评价，前述黄金矿山资源储量有望实现大幅提升，目前相关合资格人技术报告正在编制。 紫金矿业称，此举体现其加大黄金业务投资的信心，对于公司2028年矿产金100-110吨产量目标的实现具有重要战略意义，有利于进一步提升黄金板块以及总体估值水平。 新增碳酸锂产量主要来自藏格矿业 热爱四处“买矿”的紫金矿业在今年上半年也没“闲着”。 其完成了对藏格矿业的控制权收购，新增钾资源储量，进一步培厚铜、锂金属资源储量；完成加纳阿基姆金矿交割，完成哈萨克斯坦Raygorodok金矿收购协议签署，实现在西非和中亚地区的新布局。 上半年，藏格矿业实现营收16.78亿元，归母净利润18.00亿元，其中归属于紫金矿业的净利润4.71亿元。藏格矿业旗下察尔汗盐湖上半年碳酸锂产量为5170吨。 值得注意的是，此前紫金矿业大手笔布局的碳酸锂业务也终于迎来放量。2025年上半年，其碳酸锂产量为7315吨，同比增长2961%（上年同期：239吨）。 对于这7315吨碳酸锂的来源，8月27日，时代周报致电紫金矿业证券部，对方表示，主要来自新并表的藏格矿业，此外西藏拉果盐湖也有一些贡献。 业绩交流会上，紫金矿业表示，碳酸锂上半年未能完成产量计划，主要因锂市场低迷。公司有意放缓建设节奏。目前锂价虽有所回暖，但依旧按照放缓节奏的安排，不抢速度，把成本基础做扎实。 目前，紫金矿业阿根廷3Q锂盐湖一期工程预计2025年9月正式投料投产，湘源锂矿采选工程也预计在2025年9月前具备带料试车条件。 对于锂产品行情，紫金矿业认为，上半年锂价已跌至6万以下，将导致部分产能项目减产或延期，不排除供应端预期扰动加剧，引发下半年锂价高波动调整。全球锂行业需求仍平稳增长，供需基本面暂未出现反转信号，仍需时间来实现过剩出清。（文章来源：时代周报）"
2025-08-27 17:01:12,"管理层称“采矿方法、管理整合”不足 紫金矿业最大铜矿全年预减产至少15万吨

“卡莫阿-卡库拉铜矿项目的运营，确实受到了一定影响。公司在管理运营该项目时，存在采矿方法适配性不足和管理整合问题。”8月27日的中期业绩发布会上，提及名下的卡莫阿-卡库拉铜矿面临的运营挑战时，紫金矿业紫金矿业（601899.SH）管理层这样说道。 位于刚果（金）的卡莫阿-卡库拉铜矿，是紫金矿业的核心铜矿。公开资料显示，该矿2024年矿产铜19.47万吨，是该公司产量最大的铜矿。计划三期达产后，年产铜将提升至60万吨，晋升为全球第3大铜矿。 该公司在半年报中称，上半年，卡莫阿-卡库拉铜矿的卡库拉矿段接连发生多次矿震，井下采矿作业暂停，恢复时间尚不确定；项目全年产量计划将从52-58万吨下调为37万吨~42万吨，公司2025年矿产铜权益产量将相应减少4.4万吨~9.3万吨。 紫金矿业管理层在发布会也在发布会上称，卡莫阿-卡库拉铜矿的运营确实受到了一定影响。该公司在管理运营该项目时，该项目存在采矿方法适配性不足和管理整合问题，已着手优化技术路径，未来还需要进一步调整和优化。 半年报显示，今年上半年，紫金矿业实现营业收入1677.11亿元，同比增长11.50%；净利润达232.92亿元，同比大幅增长54.41%。按上半年181天计算，相当于日均进账约1.28亿元。 而上半年业绩的增长，既受益于国际金价、铜价震荡上行带来的价格红利。从毛利率来看，紫金矿业上半年的矿产品毛利率同比增加了3个百分点，达到60.23%，主要由金矿和铜矿业务贡献。其中，矿产金产量达41吨，同比增长16%；矿产铜57万吨，同比增长9%；矿产银224吨，同比增长6%。（文章来源：第一财经）"
2025-08-27 15:53:17,"紫金矿业上半年归母净利润232.9亿元 同比增长54.4%

8月26日，紫金矿业(601899)公布2025年半年报，公司营业收入为1677.1亿元，同比上升11.5%；归母净利润为232.9亿元，同比上升54.4%；扣非归母净利润为216.2亿元，同比上升40.1%；经营现金流净额为288.3亿元，同比增长41.0%；EPS(全面摊薄)为0.8764元。 其中第二季度，公司营业收入为887.8亿元，同比上升17.4%；归母净利润为131.2亿元，同比上升48.7%；扣非归母净利润为117.4亿元，同比上升27.5%；EPS为0.4938元。 截至二季度末，公司总资产4397.43亿元，较上年度末增长10.9%；归母净资产为1420.74亿元，较上年度末增长1.6%。 公司在2025年半年度报告中指出，全球地缘政治动荡加剧及资源民族主义抬头，导致金属矿业企业面临投资环境恶化、品位下降和成本上升等挑战。尽管如此，公司持续贯彻“提质、控本、增效”的工作方针，主营矿产品产量稳步提升，成功收购藏格矿业的控制权，实现了平稳过渡，并推进境外黄金板块的分拆上市。 在经营表现方面，公司矿产铜、金、银的产量分别为57万吨、41吨和224吨，整体矿产品毛利率同比增加3个百分点至60.23%。公司实现利润总额345亿元，同比增长60%，净利润286亿元，同比增长55%。此外，公司积极进行资源勘查与并购，新增了大量铜和锂的资源储量，推动了未来的增长潜力。（文章来源：财中社）"
2025-08-27 15:44:25,"紫金矿业中期分红：拟每10股派发现金红利2.2元

8月26日，紫金矿业（601899/02899）发布公告，公司拟向全体股东每10股派发现金红利2.2元（含税），预计总派发金额为58.47亿元。 2025年中期，紫金矿业实现收入1677.11亿元，归母净利润232.92亿元。（文章来源：财中社）"
2025-08-27 12:09:36,"紫金矿业上半年净利润创新高 有色金属ETF基金（516650）走强

中证网讯 8月27日，稀土概念行情卷土重来。截至11:30，有色金属ETF基金（516650）涨1.38%，其持仓股北方稀土涨超7%，厦门钨业、紫金矿业等股纷纷走强。黄金股ETF（159562）涨0.45%，其持仓股登云股份、中国黄金国际、紫金矿业等股纷纷走强。黄金ETF华夏（518850）涨0.09%。 消息面上，紫金矿业2025年中报发布，主要经济指标再创新高，公司实现营业收入1677.11亿元，同比增长11.50%；利润总额345亿元，同比增长近60%；归母净利润233亿元，同比增长54%，创历史新高。 有基金人士分析称，7月以来，在反内卷、美联储降息等背景下，有色金属、黄金板块行情频频异动。黄金股的业绩弹性以及长期增长确定性均有望推动其估值修复。（张韵）（文章来源：中国证券报·中证网）"
2025-08-27 09:38:16,"紫金矿业上半年归母净利润为233亿元 同比增长54%

上证报中国证券网讯（记者霍星羽）8月26日，紫金矿业发布2025年半年报，公司上半年主营矿产品量价齐升，主要业绩指标均创历史新高，实现营收1677亿元、归母净利润233亿元，分别同比增长11.5%、54.4%。 报告期末，公司A股、H股股价较上年末分别上涨约31%和44.9%，截至8月26日收盘，公司总市值已达5950.7亿元。 2025年上半年，紫金矿业实现矿产铜57万吨，同比增长超9%。记者从公司获悉，在下半年，西藏巨龙铜矿二期有望在年底前建成投产；卡莫阿铜矿配套的非洲最大铜冶炼厂即将建成，达产后年产阳极铜50万吨；其他重点增量项目如塞尔维亚佩吉铜矿下部带、黑龙江多宝山铜山铜矿建设等也在加速推进。 再看黄金板块，紫金矿业上半年矿产金同比增长16%至41吨。下半年，加纳阿基姆金矿正提升采矿效率和高品位矿石供应；苏里南罗斯贝尔金矿、哥伦比亚武里蒂卡金矿等南美项目提升采选能力，确保年度产量目标；参股的国内最大单体金矿山东海域金矿也正加速推进。 得益于量价齐升和成本优化，紫金矿业整体矿产品毛利率同比增加3个百分点至60.23%。细分矿种来看，矿产金占公司的毛利已从2024年的30%增至38.6%，与矿产铜38.5%的毛利旗鼓相当。 为加快打造更加专业化的一流国际黄金企业，紫金矿业把握金价上行周期，迅速搭建起独立上市平台紫金黄金国际，并已于6月30日向香港联交所递交分拆上市申请，将进一步提升公司黄金板块和公司总体估值水平。 在长期价值持续提升的同时，紫金矿业积极回报股东，2024年度分红首超百亿元规模。经股东会议授权，公司董事会同意实施2025年中期每股分红0.22元（含税），分红总额58.5亿元，股息率实现较大幅度提升。 文：霍星羽 （文章来源：上海证券报·中国证券网）"
2025-08-27 07:21:28,"紫金矿业：上半年净利润同比增长逾五成；寒锐钴业：上半年净利润同比翻倍丨新能源早参

NO.1 紫金矿业：上半年净利润同比增长54.41% 8月26日，紫金矿业发布2025年半年度报告。公司上半年实现营业收入1677.11亿元，同比增长11.50%；归属于上市公司股东的净利润为232.92亿元，同比增长54.41%。上半年，公司综合毛利率为23.75%，同比增加4.60个百分点。其中，矿产品毛利率为60.23%，同比增加2.93个百分点，上升的主要原因是金属销售价格同比上涨，以及吨矿付现成本得到有效管理。 点评：紫金矿业2025年半年度报告显示，公司营业收入和净利润均实现两位数增长，显示出强劲的盈利能力。毛利率的提升，特别是矿产品毛利率的增加，主要得益于金属销售价格的上涨和对成本的有效控制。这表明公司在市场波动中具有较强的定价能力和成本管理能力，为未来的持续增长奠定了坚实基础。 NO.2 电气风电：上半年净亏损2.79亿元 8月26日，电气风电发布2025年半年度报告。公司上半年实现营业收入26.64亿元，同比增长118.61%，净亏损2.79亿元，同比减亏。营业收入增长主要是因为上年度公司新增风机产品销售订单量同比有较大提升，本期风机销售收入相应有大幅增长。 点评：电气风电2025年半年度报告显示，公司营业收入大幅增长，但净亏损仍达2.79亿元，同比有所减亏。这一变化主要得益于上年度风机产品销售订单量的大幅提升，推动了本期风机销售收入的显著增长。尽管仍面临亏损挑战，但营收增长的积极趋势显示出公司在市场中的竞争力和发展潜力。 NO.3 寒锐钴业：上半年净利润1.27亿元 8月26日，寒锐钴业公告称，上半年实现营业收入31.68亿元，同比增长23.77%；归属于上市公司股东的净利润为1.27亿元，同比增长102.94%。报告期内公司业绩增长主要原因为公司铜钴产能扩大、产销量提升以及参股的孚能科技股票价值回升。公司计划不派发现金红利，不送红股，不以公积金转增股本。 点评：业绩显著增长主要得益于公司铜钴产能的扩大和产销量的提升，以及参股的孚能科技股票价值的回升。尽管公司计划不进行现金分红、送红股或公积金转增股本，但强劲的业绩表现预示着公司未来可能继续保持增长势头。（文章来源：每日经济新闻）"
2025-08-27 04:19:51,"业绩再攀新高 紫金矿业拟分红超58亿元

受益于铜矿、黄金量价齐升，紫金矿业上半年主要经济指标再创新高。 紫金矿业8月26日晚披露的半年报显示，上半年实现营业收入1677.11亿元，同比增长11.5%；归母净利润232.92亿元，同比增长54.41%；经营活动现金流量净额288亿元，同比增长41%。公司拟每10股派发现金红利2.2元（含税），拟分红总额58.5亿元。 在今年一季度归母净利润101.67亿元基础上，紫金矿业二季度业绩再创新高，单季度归母净利润达到了131.25亿元，环比增长约30%。 这一业绩主要得益于金属价格上涨和产量稳步提升。具体来看，公司矿产铜产量达到57万吨，同比增长9%；矿产金产量41吨，同比增长16%；矿产银224吨，同比增长6%；矿产锌（铅）20万吨，当量碳酸锂7315吨；铁精矿139 万吨，同比上升58.0% ；矿山产钼5879吨、钨2137吨、钴30吨。 受益于金属价格大幅上涨和成本优化，公司整体矿产品毛利率达到60.23%，同比提升3个百分点。其中，铜业务毛利占比38.5%；黄金业务毛利占比达38.6%。 公司财务状况、资产规模保持稳健。据披露，公司经营活动现金流量净额288亿元，同比增长41%，现金流充裕稳定；期末资产总额4397亿元，归母净资产1421亿元，分别较期初增长11%、2%，资产规模持续增长。 在资源储量方面，紫金矿业延续了“勘探+并购”双轮驱动策略。报告期内，公司权益口径新增铜资源量204.9万吨，储量132.2万吨；新增黄金资源量88.8吨，黄金储量34.5吨。 今年上半年，紫金矿业以137.29亿元收购藏格矿业控股权，持股比例达到26.178%并获得控制权。这一收购不仅新增了战略性矿产钾资源储量，还进一步培厚了公司铜、锂金属资源储量，显著提升巨龙铜矿的控股比例。半年报显示，藏格矿业实现净利润18亿元，其中4.71亿元归属于紫金矿业，体现了良好的投资回报。 公司连续斩获海外世界级在产黄金矿山，完成加纳阿基姆金矿交割、哈萨克斯坦Raygorodok金矿收购协议签署，实现在西非和中亚地区重要战略布局。 另外，今年6月末，紫金矿业宣布，将8座境外黄金矿山资产重组至紫金黄金国际，并向香港联交所正式递交上市申请。 “境外黄金板块分拆上市进展顺利，对于2028年矿产金100吨至110吨产量目标的实现具有重要战略意义。”公司透露，随着黄金价格上涨，通过项目技术经济重新评价，前述黄金矿山资源储量有望实现大幅提升。 公司表示，黄金成为市场避险和应对通货膨胀的主要出口，其价值受到多重加持，正在得到重新评估。铜作为“未来金属”在清洁能源转型进程中地位日益突出。（文章来源：上海证券报）"
2025-08-26 23:38:44,"紫金矿业：上半年归母净利大增54%至233亿元，经营韧性凸显

8月26日，紫金矿业发布2025年半年报，公司上半年主营矿产品量价齐升，主要业绩指标均创历史新高，成为全球头部金属矿企效益增长最快的企业之一：实现营收1677亿元、归母净利润233亿元，分别同比增长11.5%、54.4%。 紫金矿业表示，持续保持高增长的背后，既是矿产品量价齐升，更是运营效率不断提升带来的长期价值兑现。 以矿产铜为例，近年来三大世界级铜矿的快速投产，将紫金带入全球头部铜企前列，并突破百万吨大关。公司实现矿产铜57万吨，同比增长超9%，在下半年，西藏巨龙铜矿二期有望在年底前建成投产；卡莫阿铜矿配套的非洲最大铜冶炼厂即将建成，达产后年产阳极铜50万吨；其他重点增量项目如塞尔维亚佩吉铜矿下部带、黑龙江多宝山铜山铜矿建设等亦在全力推进中。 黄金板块方面，紫金矿业抢抓金价高位机遇释放产量，今年上半年矿产金同比增长16%至41吨。下半年，加纳阿基姆金矿正提升采矿效率和高品位矿石供应；苏里南罗斯贝尔金矿、哥伦比亚武里蒂卡金矿等南美项目提升采选能力，确保年度产量目标；参股的国内最大单体金矿山东海域金矿也正加速推进。 得益于量价齐升和成本优化，公司整体矿产品毛利率同比增加3个百分点至60.23%。若细分矿种来看，矿产金占公司的毛利已从2024年的30%增至38.6%，与矿产铜38.5%的毛利旗鼓相当。 上半年，紫金矿业继续挖掘“价值洼地”，充实主营的金铜板块储备。公司以合理价格连续斩获海外世界级在产黄金矿山，完成加纳阿基姆金矿交割，完成哈萨克斯坦Raygorodok金矿收购协议签署，实现在西非和中亚地区重要战略性布局。阿基姆金矿从公告签约到正式交割，再到采矿租约通过议会追认，成为紫金矿业“出海”的又一经典案例。 报告期内，紫金矿业完成对A股上市矿企藏格矿业的控制权收购及交割，创单笔最大投资纪录，同时实现平稳过渡。改组完成后，藏格矿业迅速启动公司治理改革，现已形成权责清晰、规范高效的内部治理框架。下一步，公司将对藏格矿业进行深度赋能，提升公司与藏格矿业整体投资价值。 为加快打造更加专业化的一流国际黄金企业，公司精准把握金价上行周期，以“百日冲刺”速度搭建起独立上市平台紫金黄金国际，并已于6月30日向港交所递交分拆上市申请，将进一步提升公司黄金板块和公司总体估值水平。 在长期价值持续提升的同时，紫金矿业积极回报股东，与投资者共享发展红利，2024年度分红首超百亿规模，位居A股2025年上市公司现金分红榜第38位。经股东会议授权，公司董事会同意实施2025年中期每股分红0.22元（含税），分红总额58.5亿元，股息率在股价连年大幅上涨的背景下仍实现较大幅度提升。（文章来源：证券时报网）"
2025-08-26 21:46:51,"紫金矿业半年净赚233亿元，超2023年全年盈利

8月26日，紫金矿业(601899.SH/02899.HK)发布公告称，2025年上半年公司营业收入1677.11亿元，同比增长11.50%；归属于上市公司股东的净利润为232.92亿元，同比增长54.41%，不仅创下同期历史新高，而且超过了2023年全年211.19亿元的净利润。 金价上涨，是其业绩大增的主要因素之一。据中国黄金协会发布的数据显示，今年上半年，全球地区冲突不断升级，避险情绪利好黄金，国际黄金价格大幅上扬。6月底，伦敦现货黄金定盘价为3287.45美元/盎司，较年初上涨24.31%，上半年均价3066.59美元/盎司，较上一年同期上涨39.21%。 分业务板块来看，上半年，黄金业务和铜业务是紫金矿业的两大收入来源。 报告期，紫金矿业的矿山产金41吨，同比上升16.3%。冶炼加工及贸易金97吨，同比下降14.5%。黄金业务销售收入占报告期内营业收入的49.1%(抵销后)，得益于黄金价格大幅度上涨，毛利占集团毛利的38.6%。 期内，紫金矿业矿山产铜57万吨，同比增长9.3%；冶炼产铜38万吨，同比减少2.8%。铜业务销售收入占报告期内营业收入的 27.8%(抵销后)，毛利占集团毛利的38.5%。 此外，该公司锌(铅)业务销售收入占报告期内营业收入的3.5%(抵销后)，毛利占集团毛利的2.1%；白银业务销售收入占报告期内营业收入的1.3%(抵销后)， 毛利占集团毛利的2.1%；碳酸锂业务销售收入占报告期内营业收入的0.2%(抵销后)，毛利占集团毛利的0.2%。 紫金矿业表示，并购是实现持续增长的主要手段之一。今年4月，该公司完成对在产矿山加纳阿基姆金矿项目100%权益的交割，年均产金5.8吨；5月，并购藏格矿业实现交割，首次揽入A股矿业上市公司控制权，实现对巨龙铜矿的绝对控股；6月，并购在产的哈萨克斯坦Raygorodok大型金矿，年均产金5.5吨。 紫金矿业称，在金板块方面，今后将提升加纳阿基姆金矿采矿效率和高品位矿石供应，加快释放产量；推动苏里南罗斯贝尔金矿、哥伦比亚武里蒂卡金矿等南美项目提升采选能力，确保年度产量目标等。铜板块方面，西藏巨龙铜矿二期按期推进，多个关键工程上半年已提前完成，将于今年底建成投产；卡莫阿铜矿50万吨/年铜冶炼厂将于2025年9月点火。 官网资料显示，紫金矿业是一家在全球范围内从事金属矿产资源勘查和开发的矿业集团。在《福布斯》2025全球上市企业2000强榜单中，紫金矿业位居全球上榜黄金企业第1位，全球金属矿企第4位。 目前，紫金矿业的储备资源量铜超1.1亿吨、黄金3973吨、当量碳酸锂1788万吨，是中国控制金属矿产资源最多的企业。 截至8月26日收盘，紫金矿业A股股价上涨0.81%，报22.39元/股，市值为5950.72亿元。（文章来源：界面新闻）"
2025-08-26 20:35:17,"港股公告精选｜中石油上半年净赚约840亿元 紫金矿业中期盈利同比增逾5成

财联社8月26日讯 财联社为您带来今日港股重要公告 1）业绩速递 中国石油股份(00857.HK)：上半年收入14500.99亿元，同比减少6.7%；净利润840.07亿元，同比减少5.4%。 紫金矿业(02899.HK)：上半年收入1677.1亿元，同比增加11.5%；净利润232.92亿元，同比增加54.4%. 贝壳-W(02423.HK)：上半年收入493.4亿元，同比增加24.13%；归母净利润21.57亿元，同比减少7.2%。 越秀地产(00123.HK)：上半年收入约475.7亿元，同比增长34.6%；净利润约13.7亿元，同比下降25.2%。 海螺水泥(00914.HK)：上半年收入412.92亿元，同比下降9.38%；净利润为43.68亿元，同比上升31.34%。 永达汽车(03669.HK)：上半年收入270.72亿元，同比下跌12.8%；净利润6300万元，同比下跌43.8%。 农夫山泉(09633.HK)：上半年收入256.22亿元，同比增加15.6%；净利润76.22亿元，同比增加22.2%。 中国金茂(00817.HK)：上半年收入约251.1亿元，同比增长14%；净利润约10.9亿元，同比增长8%。 中海油田服务(02883.HK)：上半年收入约233亿元，同比增长3.5%；净利润约19.63亿元，同比增加23.3%。 中集安瑞科(03899.HK)：上半年收入约126.14亿元，同比增长9.9%；净利润约5.62亿元，同比增长15.6%。 新天绿色能源(00956.HK)：上半年收入约109.04亿元，同比下降10.16%；净利润约14.12亿元，同比减少1.23%。 东岳集团(00189.HK)：上半年收入74.63亿元，同比增长2.8%；净利润7.79亿元，同比增长153.3%。 雅生活服务(03319.HK)：上半年收入64.65亿元，同比下降8.3%；净利润3.5亿元，上年同期亏损16.46亿元，同比扭亏为盈。 古茗(01364.HK)：上半年收入约56.63亿元，同比增长41.2%；净利润约16.25亿元，同比增加121.5%。 山东新华制药股份(00719.HK)：上半年收入约46.39亿元，同比减少1.98%；净利润约2.24亿元，同比减少15.69%。 同仁堂科技(01666.HK)：上半年收入37.39亿元，同比减少7.69%；净利润3.39亿元，同比减少21.01%。 华显光电(00334.HK)：上半年收入31.71亿元，同比增加72.2%；净利润5104万元，同比增加631.9%。 北控城市资源(03718.HK)：上半年收入30.39亿元，同比增加13.08%；净利润3252万元，同比减少74.7%。 英恒科技(01760.HK)：上半年收入29.66亿元，同比增加5%；净利润4974万元，同比减少49%。 卓越商企服务(06989.HK)：上半年收入20.15亿元，同比降低3.2%；净利润约1.47亿元，同比降低13.8%。 美丽田园医疗健康(02373.HK)：上半年收入14.59亿元，同比增长28.2%；净利润1.56亿元，同比增长34.9%。 特海国际(09658.HK)：上半年收入3.97亿美元，同比增长7%；净利润2835.2万美元，上年同期亏损458.3万美元，同比扭亏为盈。 映恩生物-B(09606.HK)：上半年收入约12.29亿元，同比增长22.9%；经调净利润约1.46亿元，同比增长14.2%。 时代中国控股(01233.HK)：发布盈警，预计中期净亏损约33亿-36亿元，同比扩大。 2）公司要闻 中国石油股份(00857.HK)：拟400.16亿元收购三大储气库，大幅提升天然气调峰能力。 中环新能源(01735.HK)：中环低碳(香港)与上海微网订立战略合作协议，推动光储充一体化基础设施的建设与发展。 新天绿色能源(00956.HK)：拟全资收购崇礼、张北两家风能公司，以扩大规模并提升管理效率。 美中嘉和(02453.HK)：控股股东北京泰和诚质押3560万股H股，占总股本4.54%。 联易融科技-W(09959.HK)：拟斥资不低于8000万美元回购股份。 3）回购动态 腾讯控股(00700.HK)：斥资5.51亿港元回购89.9万股，回购价609.5-617.5港元。 汇丰控股(00005.HK)：斥资约1.39亿港元回购约137万股，回购价101.4-102.1港元。 恒生银行(00011.HK)：耗资约2256.29万元回购20万股，回购价111.6-113.8港元。 美高梅中国(02282.HK)：斥资1613.9万港元回购100万股，回购价15.95-16.29港元。（文章来源：财联社）"
2025-08-26 19:19:08,"紫金矿业：上半年归母净利润同比增长54.41%

紫金矿业8月26日公告，2025年上半年营业收入1677.11亿元，同比增长11.50%。归属于上市公司股东的净利润为232.92亿元，同比增长54.41%。公司拟每10股派发现金红利2.2元（含税）。（文章来源：界面新闻）"
2025-08-26 19:15:37,"紫金矿业：2025年上半年净利润232.92亿元，同比增长54.41%

每经AI快讯，8月26日，紫金矿业公告，2025年上半年营业收入1677.11亿元，同比增长11.50%。净利润232.92亿元，同比增长54.41%。公司拟每10股派发现金红利2.2元（含税）。（文章来源：每日经济新闻）"
2025-08-26 19:11:52,"紫金矿业：上半年净利润同比增长54.41%

南财智讯8月26日电，紫金矿业发布2025年半年度报告，报告期实现营业收入1677.11亿元，同比增长11.50%；归属上市公司股东的净利润232.92亿元，同比增长54.41%；扣除非经常性损益后的归属于上市公司股东的净利润216.24亿元，同比增长40.12%；基本每股收益0.877元。（文章来源：南方财经网）"
2025-08-26 19:07:11,"紫金矿业：上半年净利润同比增长54%

紫金矿业(601899.SH)发布2025年半年度报告，公司实现营业收入1677.11亿元，同比增长11.50%；归属于上市公司股东的净利润为232.92亿元，同比增长54.41%。 （文章来源：财联社）"
2025-08-26 17:40:43,"紫金矿业今日大宗交易平价成交1022.3万股，成交额2.29亿元

8月26日，紫金矿业大宗交易成交1022.3万股，成交额2.29亿元，占当日总成交额的5.26%，成交价22.39元，较市场收盘价22.39元持平。 （文章来源：界面新闻）"
2025-08-25 17:38:16,"紫金矿业今日大宗交易平价成交1000万股，成交额2.22亿元

8月25日，紫金矿业大宗交易成交1000万股，成交额2.22亿元，占当日总成交额的3.22%，成交价22.21元，较市场收盘价22.21元持平。（文章来源：界面新闻）"
2025-08-25 09:38:54,"紫金矿业成立稀贵金属公司 注册资本50亿元

人民财讯8月25日电，企查查APP显示，近日，福建紫金稀贵金属有限公司成立，注册资本50亿元，经营范围包含贵金属冶炼；以自有资金从事投资活动等。企查查股权穿透显示，该公司由紫金矿业全资持股。（文章来源：人民财讯）"
2025-08-22 23:43:32,"紫金矿业大宗交易成交390.00万股 成交额8057.40万元

紫金矿业8月22日大宗交易平台出现一笔成交，成交量390.00万股，成交金额8057.40万元，大宗交易成交价为20.66元。该笔交易的买方营业部为国泰海通证券股份有限公司总部，卖方营业部为申万宏源证券有限公司国际部。 进一步统计，近3个月内该股累计发生43笔大宗交易，合计成交金额为7.27亿元。 证券时报·数据宝统计显示，紫金矿业今日收盘价为20.66元，上涨0.29%，日换手率为0.72%，成交额为30.68亿元，全天主力资金净流出5.17亿元，近5日该股累计下跌2.96%，近5日资金合计净流出12.63亿元。 两融数据显示，该股最新融资余额为33.82亿元，近5日增加3.39亿元，增幅为11.16%。（数据宝） 8月22日紫金矿业大宗交易一览 成交量（万股）成交金额（万元）成交价格（元）相对当日收盘折溢价（%） 买方营业部卖方营业部390.008057.4020.660.00国泰海通证券股份有限公司总部申万宏源证券有限公司国际部 注：本文系新闻报道，不构成投资建议，股市有风险，投资需谨慎。 （文章来源：证券时报网）"
2025-08-22 19:24:23,"紫金矿业成立稀贵金属公司，注册资本50亿

天眼查工商信息显示，近日，福建紫金稀贵金属有限公司成立，法定代表人为江城，注册资本50亿人民币，经营范围为贵金属冶炼、以自有资金从事投资活动、非煤矿山矿产资源开采。股东信息显示，该公司由紫金矿业全资持股。（文章来源：界面新闻）"
2025-08-22 18:52:43,"紫金矿业成立稀贵金属公司

南方财经8月22日电，天眼查工商信息显示，近日，福建紫金稀贵金属有限公司成立，法定代表人为江城，注册资本50亿人民币，经营范围为贵金属冶炼、以自有资金从事投资活动、非煤矿山矿产资源开采。股东信息显示，该公司由紫金矿业（601899）全资持股。 （文章来源：南方财经网）"
2025-08-22 17:35:25,"紫金矿业今日大宗交易平价成交390万股，成交额8057.4万元

8月22日，紫金矿业大宗交易成交390万股，成交额8057.4万元，占当日总成交额的2.56%，成交价20.66元，较市场收盘价20.66元持平。 （文章来源：界面新闻）"
2025-08-19 18:56:03,"紫金矿业间接控股子公司40万元项目环评获原则同意

“A股绿色报告”项目监控到的数据显示，紫金矿业（SH601899）间接控股子公司连城紫金矿业有限公司连城紫金自用柴油橇装站建设项目环评审批获原则同意。该项目总投资额达40万元。该审批信息于2025年8月1日被相关监管机构披露。（文章来源：每日经济新闻）"
2025-08-19 18:56:02,"紫金矿业间接控股子公司865万元项目环评获原则同意

“A股绿色报告”项目监控到的数据显示，紫金矿业（SH601899）间接控股子公司连城紫金矿业有限公司连城紫金姑田铜多金属矿选矿区临时排土场环评审批获原则同意。该项目总投资额达865万元。该审批信息于2025年8月1日被相关监管机构披露。（文章来源：每日经济新闻）"
2025-08-13 10:23:41,"有色板块震荡拉升 紫金矿业创历史新高

南方财经8月13日电，有色板块日内震荡拉升，工业金属方向领涨，紫金矿业、洛阳钼业双双涨超3%创历史新高， （文章来源：南方财经网）"
2025-08-13 10:17:12,"有色板块震荡拉升 紫金矿业、洛阳钼业双双创历史新高

每经AI快讯，8月13日，有色板块日内震荡拉升，工业金属方向领涨，紫金矿业、洛阳钼业双双涨超3%创历史新高，此前丽岛新材、东方钽业涨停，电工合金涨超10%，华锡有色、华钰矿业、江西铜业、铜陵有色等涨幅靠前。（文章来源：每日经济新闻）"
2025-08-12 11:17:54,"紫金矿业获坦桑尼亚港口及码头特许经营权

据紫金矿业消息，当地时间8月5日，紫金矿业与坦桑尼亚政府在达累斯萨拉姆港正式签署协议，获得达累港马林迪码头与基戈马港口的特许经营权。此外，为配合全链条物流体系落地，紫金矿业在坦桑尼亚设计建造的多艘2000吨级散货船，即将于2026年交付。（文章来源：界面新闻）"
2025-08-08 11:07:53,"紫金矿业盘中创历史新高

紫金矿业股价创出历史新高，截至10:28，该股上涨1.03%，股价报20.51元，成交量4955.56万股，成交金额10.13亿元，换手率0.24%，该股最新A股总市值达4222.75亿元，该股A股流通市值4222.59亿元。 证券时报·数据宝统计显示，紫金矿业所属的有色金属行业，目前整体涨幅为0.51%，行业内，目前股价上涨的有76只，涨幅居前的有宁波韵升、中矿资源、和胜股份等，涨幅分别为10.02%、4.81%、4.63%。股价下跌的有57只，跌幅居前的有中科磁业、隆达股份、屹通新材等，跌幅分别为4.09%、3.96%、3.80%。 两融数据显示，该股最新（8月7日）两融余额为31.85亿元，其中，融资余额为31.54亿元，近10日减少3131.22万元，环比下降0.98%。 机构评级来看，近10日共有1家机构对该股进行评级，7月31日华泰证券发布的研报给予公司目标价为25.92元。 公司发布的一季报数据显示，一季度公司共实现营业收入789.28亿元，同比增长5.55%，实现净利润101.67亿元，同比增长62.39%，基本每股收益为0.3830元，加权平均净资产收益率7.12%。 7月14日公司发布上半年业绩预告，预计实现净利润232.00亿元，同比同比增长54.00%。（数据宝）（文章来源：证券时报网）"
