title,date,url,source,content,date_parsed
后浪森林·商业史 | 紫金矿业三十二年，人人都是大富翁（四）,2023-12-28 08:30:00,http://caifuhao.eastmoney.com/news/20231228004008763123340,成长企业常识,后浪森林研究室|三文 编辑|罗周 统筹、编辑助理|许佳维 紫金矿业改变了太多人的命运。 从陈景河、陈发树、柯希平，到同康村民、紫金职工，再到基金经理邓晓峰等等。最新数据是紫金矿业持股机构1195家。 紫金矿业的财富游戏，人人都是大富翁。 原始股…… 1996年，紫金矿山投产，当年利润虽达到1000万，对于矿山大规模的资金投入却杯水车薪，于是上杭县派工作组进驻紫金矿业进行改制。 改制方案分三步：第一步，成立有限责任公司；第二步，股份制改造；第三步，上市。 1998年，陈景河与上杭县政府开始动员当地居民、政府人员、紫金职工集资入股紫金矿业。但应者廖廖。 最终，上杭县财政局作为国有控股主体占股退到86.80%，紫金职工每人出资8000元以工会名义占股10.17%，上杭县旧县乡政府、上杭县才溪镇政府和上杭县才溪镇同康村委各持股1.01%、1.01%和 1.01%，成为4家外部股东。 2000年，紫金矿业开始向社会公开募股 ，进行股份制改造。当地银行、税务、公安等了解紫金矿业财务状况的单位，几乎没人愿意买入紫金的股票。 陈发树、柯希平因长期在紫金矿山承包工程，作为债权人获得股权。 6月，上杭县财政局将所持86.80%股权转给国有资产经营公司“闽西兴杭实业有限公司”。7月，4家外部股东联合成立“上杭县金山贸易有限公司”作为融资载体，并将所持13.2%股权转至金山贸易。 8月，紫金矿业股份制改制，闽西兴杭实业作为主发起人，联合新华都实业、金山贸易、新华都工程、厦门恒兴、新华都百货、福建黄金集团和闽西地质大队7家发起人，设立“福建紫金矿业股份有限公司”。 兴杭国投以其拥有的紫金矿权益，按1.505：1比例折股48%，金山贸易以其拥有的权益加上现金1217.78元折股18.01%，新华都实业、新华都工程、厦门恒兴、新华都百货、福建黄金集团和闽西地质大队，分别以现金2602.15万元、1000.83万元、714.88万元、246.35万元、245.63万元和49.9万元，按1.505：1的比例折为18.2%、7%、5%、1.72%、1.72%和0.35%。 截至2000年8月31日，紫金矿业净资产为14297.5万元，发起人的出资按1.505:1同比例折合为股本总额9500万股（每股面值1元）。 陈发树旗下的新华都实业、新华都工程和新华都百货合计认购27%股份，“新华都系”一举成为紫金矿业的第二大股东。金山贸易作为第三大股东持股占比18.01%。柯希平通过厦门恒兴持股5%，任董事，为第五大股东。 2001年，紫金矿业出资100多万元，一次性买断了290多名国企职工的工龄。 这次改制，从根本上解决了阻碍紫金矿业发展的体制问题。 “H+A”上市 2001年黄金价格飙涨，紫金矿业利润翻番。有了足够资金，紫金矿业开始走出紫金山，在全国范围内找矿，2002年以低价策略完成一系列收购后迅速成为全国五大金矿公司之一，准备上市。 2003年12月23日，紫金矿业在香港联合交易所上市，成为首家境外上市的国内黄金企业。每股发行价3.3港元，募集资金12.05亿港元，公开发售部分获超额认购744.3倍，上市当天股价飙升73%。 到2003年年底，紫金矿业净资产170636万元，是2000年公司股份制改造时14297.5万元的13.7倍，年末市值84亿港元，是2000年股本金9500万元的58倍。 香港上市募资后，紫金矿业开始了新一轮的规模扩张，开始走出国门四处并购。到2007年，紫金矿业资产超过160亿，收入150.47亿元，利润25.48亿元。 2008年4月，紫金矿业回归国内A股市场，在上海证券交易所上市，每股发行价7.13元，募集资金98亿元。发行当日其股价最高涨至22元，大涨200%，静态市盈率高达125倍。 自此，紫金矿业实现了“H+A”资本主体结构。 1变为100 紫金矿业2000年改制完成时，原始股东的获取成本为1.505元买1股原始股，面值1元。2003年在香港上市，拆细为0.1元面值，原始股1股变为10股。 2003、2004、2005年10送10，2006年10送2.5，紫金矿业原始股由1股变为100股，而相应的成本则降为1.505分钱。 算上2005年每10股分红0.8元、2006年10派0.9元、2007年10派0.9元及2008年10派1元，紫金矿业原始股东早已负成本了。 随着H股每股被不断分拆转送，到2007年时，紫金矿业当初作为饭菜票使用的原始股价格已经到了每股300元以上的，在私下交易市场一股难求。据传价格最高时，紫金矿业原始股卖到每股1400元。 “造富神话” 陈发树和柯希平个人拥有的6.1亿股紫金矿业都来自于新华都工程公司。 2007年，原始股东新华都工程以0.1元的面值分别转让给陈发树、柯希平3.5亿股和2.6亿股，转让款2713.20 万元、2606.80万元。 作为紫金矿业创始人、核心管理者陈景河，也同样以低价收购入主紫金矿业。 2004年，陈景河以每股0.1元收购了金山贸易持有的紫金矿业600万股，又以每股0.65元从新华都百货处收购了400万股。2006年陈景河两次以每股0.10元从金山贸易获得4167.52万股。 数次转让，陈景河以735.28万元获得紫金矿业1.14594亿股。 陈志勇、刘晓初、叶芦生、陈志程，同陈景河相同成本收购了新华都百货持有的紫金矿业1579.84万股、386.27万股、386.27万股、386.27万股，陈志勇、陈志程为陈发树兄弟，刘晓初、叶芦生分别负责新华都旗下的矿产、旅游产业，四人均为新华都实业股东。 李荣生、胡月生、邓干彬、陈小青、谢福文、林宇、陈云岚、吴文秀、何喜祥9位自然人股东以0.10元相同成本从上杭金山贸易有限公司购买了总计10亿股票。 2008年紫金矿业在A股上市，前十大自然人股东持股累计19.2亿股，分别为陈发树4.48亿股，柯希平3.33亿股，李荣生、胡月生、邓干彬、陈小青、谢福文、林宇、陈景河、吴文秀分别持有的2.2亿、2.07亿、1.66亿、1.55亿、1.53亿、1.32亿、1.14亿、0.97亿股。 2009年4月27日紫金矿业49.25亿股首发限售股正式解禁，占到了紫金矿业总股本的33.87%，近200名亿万富翁随即诞生。 这批解禁的自然人股东中，还包括以吴文秀等170名自然人，该170名自然人总持股量4.36亿股，其中有163人为紫金矿业内部职工，持股1.51亿股。 自此，包括柯希平、陈发树以及董事长陈景河纷纷套现。 离场 陈发树在解禁两个月后出售2.94亿股，套现27亿元，并以此成为”福建首富”，先后入股青岛啤酒和参与云南白药混改。 柯希平累计减持紫金矿业7477万股，套现金额约6.7亿元，用于入股京东方A，成为京东方A第二大股东。 2009年6月12日，陈景河开始减持。他通过大宗交易转让2759.4万股套现2.5亿元，其中2100万股以每股9.15元售给了10位高管。紫金矿业副董事长罗映南、蓝福生各自受让500万股，高级总裁邹来昌获得100万股，此外，副总裁刘荣春、陈家洪7名公司高管受让50万股至300万股不等。 这10名高管此前均未持有过紫金矿业股份，且均在紫金矿业身居要职。根据所披露2009年年报，除陈景河还直接持有紫金矿业8700万股外，其他自然人股东都已不再持有公司股票，自然人直接套现230多亿元。 2014年9月-2015年1月、2015年6月、2016年6月，陈发树及新华都分别减持紫金矿业7.07亿股、4.01亿股、3.76亿股，占公司股份总数的4.66%、2.54%、2.38%。 3次减持后，新华都实业及陈发树合计持有紫金矿业股份10.75亿股，占公司股份总数4.99%。2019年末，陈发树仅通过一只基金“新华都-国信证券-17新华都EB担保及信托财产专户”持股紫金矿业1.02%。 2020年底，陈发树和他的新华都彻底退出紫金矿业十大股东行列，同样退出的还有柯希平及其控制的恒兴集团。 陈景河作为紫金矿业创始人、董事长，年薪994.48万，他更大的愿景是发展紫金矿业。 2020年7月27日，陈景河所持5100万股转给其子后，持有紫金矿业8310万股。2023年增持2200万股，如今持股1.051亿股。 基金1195 紫金矿业股价自2008年上市后的十年间虽未发生重大波动，但随着公司全球化并购矿产资源不断开发，公司估值逻辑已经发生了质的变化。 随着原始股东陈发树和柯希平的悉数退场，紫金矿业成为了基金经理的偏爱，一度成为公募基金前十大重仓股，邓晓峰、董承非、周蔚文等基金经理选择在2019年进场，如今赚的盆满钵满。 2019年三季度，高毅资产邓晓峰管理的高毅晓峰2号致信基金和锐进四十三期高毅晓峰投资信托首次出现在紫金矿业前十大流通股，并在当年四季度以3.41元/股的价格参与定增，获配1.17亿股，随后紫金矿业在2021年2月创下了14.28元的股价新高。 此后邓晓峰坚持重仓持有，仅在2021年三季度、2022年一季度减持调整，2023年4月，紫金矿业股价再次上涨到14.10元，邓晓峰也开始持续减持。 今年以来，高毅晓峰2号致信基金和高毅晓峰鸿远集合资金合计减持6036.63万股，分别持有4.11亿股、2.98亿股，持股占比1.56%、1.13%，分列第五、第六大股东。 同样对紫金矿业偏爱有加的还有现任睿郡资产管理合伙人董承非，董承非曾在管理公募期间的2019年重仓进入紫金矿业，并在2020年二季度大幅增持。 2023年上半年，共有1195家机构持有紫金矿业股票61.95亿股。截至2023年三季度，紫金矿业实控人福建省上杭县国资委，控股股东闽西兴杭投资持股比例为23.11%。公司前十大流通股东累计持有155.67亿股，累计占流通股比59.25%。 $紫金矿业(SH601899)$$紫金矿业(HK|02899)$ 本文作者可以追加内容哦 ! 成长企业常识,2023-12-28 08:30:00
紫金矿业海外扩张频频触雷,2023-12-15 09:05:39,http://caifuhao.eastmoney.com/news/20231215090539468650530,经济道理, 问道者 杜一用 阿根廷选特朗普的忠实粉丝米莱当总统，大洋这一头的中国矿业巨头紫金矿业可能因此受伤。米莱竞选期间可是不只一次扬言要断绝与中国的政治经济合作，而在去年初，紫金矿业刚斥资10余亿美元在阿根廷收购了一座盐湖锂矿建了一座碳酸锂工厂。米莱要真兑现了竞选承诺，紫金矿业会损失惨重。 近年来，紫金矿业把锂作为新的增长点，建立起了“两湖一矿”格局，阿根廷的盐湖锂矿就是其中最重要的海外锂矿资产。米莱的对华政治主张，无疑会给紫金矿业在阿根廷的锂矿项目带来非常大的变数。 事实上，这已经不是紫金矿业投资的海外资产第一次面临重大风险。紫金矿业出资2.98亿美元，于2015年在巴布新几内亚收购的波格拉金矿50%采矿权，2019年8月到期后，巴新政府于2020年4月决定不批准这座金矿采矿权的延期申请。 波格拉金矿对紫金矿业至关重要。2019年报中，波格拉金矿产量占比21.6%，利润贡献占比12.37%。在停产的2020-2021年期间，紫金矿业在波格拉金矿就亏损了5亿多人民币。直到今年4月，巴方才有了尽快启动波格拉金矿全面复产的新态度。不过，从公告信息来看，紫金矿业对波格拉金矿的权益已从之前的47.5%减少到25.5%。 紫金矿业2019年斥资70亿人民币收购的哥伦比亚武里蒂卡金矿，今年已经多次遭到恐怖袭击，造成两人死亡，十几人受伤。 根据2023年半年报，紫金矿业总资产约3300亿，境外资产占比45%。包括塞尔维亚的两处铜矿和澳大利亚的一处金矿，其余海外资产主要集中在政治、经济环境稳定性较弱、风险事件发生概率较高的发展中国家。摩羯商业评论的研究认为，紫金矿业超过一半的海外项目曾遭遇或面临所在国家和地区的政治及社会风险。 梳理下紫金矿业的海外扩张轨迹，发现紫金矿业的扩张策略有种“富贵险中求”的味道，偏爱于收购或接管那些存在一定政治或社会风险，甚至当地政局并不稳定、伴有爆发区域冲突可能性的海外地区矿产资产。这不难理解，这种政治社会背景下的资产一般都比较便宜。 这种扩张策略在世界政局稳定期会有较高的成功率，一旦赶上有色金属、贵金属的上涨周期，就可以坐享其成。新冠疫情后，全球经济衰退叠加贸易摩擦不断和地缘政治冲突，动荡不安的国际政治局势就给紫金矿业带来巨大考验。 数据证明，国际政治局势越是动荡不安，紫金矿业的扩张热情就越高。2019年以前，紫金矿业单一年度并购金额从未超过50亿，很多年份甚至只有10亿出头。2019-2020两年间，并购金额超过了120亿。2021年由于疫情原因并购节奏放缓，到2022年又耐不住寂寞，并购总额创下新高，达到340亿。 高速扩张必然伴随着风险的与日俱增。从2018年末到2023年三季度末，紫金矿业总负债增加了2倍，长期负债率从2019年末的39%提高到了2023年三季末的52%。 今年以来，海外风险事件频频爆发，再加上有色金属周期出现向下拐点，紫金矿业可得悠着点了。 本文作者可以追加内容哦 ! 经济道理,2023-12-15 09:05:39
财大气粗的紫金矿业差钱了,2024-06-21 18:33:52,http://caifuhao.eastmoney.com/news/20240621183352621803200,经济道理, 问道者 李 百 过去几年一直买买买的紫金矿业开始差钱了，最近通过发行可转债和配售新H股，准备向海外投资者融资25亿美元。这是紫金矿业上市以来最大规模的一次融资，如果加上5月份刚刚发行的20亿元公司债券，紫金矿业今年来的融资额折合人民币已经超过200亿元。紫金矿业大规模融资背后，是现金流增量四年来第一次出现了减少。 现在的紫金矿业确实财大气粗，市值超过4500亿，去年营收将近3000亿，净利润211亿。在上市的矿业企业中，紫金矿业一家的市值就超过了铜行业排名前15的总和。家大业大的紫金矿业本来就是依靠并购做大了基本盘，2018年以后更是开启了大规模买买买模式。 从2018到2023年间，紫金矿业动用将近640亿元在世界各地并购了大约20宗资产，拿下Timok铜矿就花了112亿，收购大陆黄金和盾安环境的四个资产包都花了超过70亿元。今年还在买，花16亿元买下了西藏朱诺铜矿的相对控股权，以3亿元对价收购了Xanadu Mines项目。 不过，相对于之前买买买的频率，紫金矿业的豪横并购在今年已经收敛了许多。这背后，紫金矿业的现金净增加额在2023年报中减少了将近20亿。紫金矿业的现金净增加额上一次出现减少是在2019年，那是三年大疫的第一个年头，当年减少了38亿。 从年报上看，紫金矿业在2023年的现金流确实已经捉襟见肘，当年经营活动产生的现金流是368亿，投资活动产生的现金流则是-340亿，筹资活动产生的现金流是-48亿。入不敷出的窘境下，紫金矿业2023年负债2046亿，负债率2021年还是55%，2023年上升到了59%。虽然负债率基本上还处在安全状态，但现金流捉襟见肘已是不可忽视的事实。 多年买买买之后，紫金矿业在今年迎来了偿债高峰期。根据紫金矿业2023年报，到期末借款总额是1420亿，一年内需要偿还的借款为382亿。其中一年内到期的非流动负债为180亿，比2022年增加了136%。 当然，这些债务对财大气粗的紫金矿业来说，还不至于伤筋动骨。紫金矿业在2023年报中表示，公司还有大约1600亿元没使用的银行授信额度。眼下，除了已经发行20亿元公司债券和启动180亿元再融资计划外，紫金矿业还有100亿元面向A股市场的可转债已经在发行当中。 欠债总是要还的，借新还旧总归不是办法，公司能够赚钱才是硬道理。在赚钱能力上，紫金矿业还是可以高看一眼的，自2005年上市以来就没有亏损过，净利润只在2012、2013和2015年出现过下滑，2021年在高基数的情况下，净利润甚至还增长了一倍多。 本文作者可以追加内容哦 ! 经济道理,2024-06-21 18:33:52
紫金矿业，爆了！,2025-02-13 16:28:05,http://caifuhao.eastmoney.com/news/20250213162805586513200,看财经,过去六年时间，$紫金矿业(SH601899)$紫金矿业（601899.SH）大涨近10倍；尽管最近股价有所回调，但市值依然高达4500亿元。 30年前的小作坊、启动资金仅1万的紫金矿业，如今已经成为参天大树，真正的全球矿业巨头。 这背后，归功于出色的盈利能力。 根据业绩预告显示，紫金矿业预计2024年净利润约320亿元，同比增长51.5%，创历史新高，并且连续9年增长。 紫金矿业的盈利能力究竟有多强？ 自有财务数据披露以来，也就是2001年至今，紫金矿业营业收入连续24年上涨。这么说吧，在A股5000家上市公司里，有且仅有贵州茅台（600519.SH）和云南白药（000538.SZ），完成这一神迹。 不过，跟这两家公司比，紫金矿业的赚钱效应更强。 2001年，紫金矿业净利润6610万元，到2024年，这个数字暴增至320亿元，年复合增长率31.9%，同期贵州茅台和云南白药分别是27.4%和20%。 从这个角度说，紫金矿业可以说是A股最强公司。 再来说股价。 2003年，紫金矿业登陆港交所，发行价3.3港元，按后复权计算，累计涨幅接近100倍；按最新价计算的话，累计涨幅也高达83倍。 可能有人会说，A股紫金矿业的表现并不好，这主要跟上市时机、以及高估值有关，但是，正如前面提到的，过去六年时间，紫金矿业涨幅也近十倍。 更难能可贵的是，即便涨了这么多，紫金矿业的市盈率也仅为15倍左右，比贵州茅台还便宜。所以，机会依旧很大。 核心的问题在于，紫金矿业的盈利能力能不能一直保持下去，业绩能不能持续增长？ 答案是：非常有可能！ 紫金矿业的主营业务为矿产资源勘查与开发。其中，黄金和铜矿业务占公司总营收的比重分别为46.5%和29%（内部抵消后），合计接近8成。 也就是说，紫金矿业业绩的好坏，主要看黄金，其次是铜。 而这，又要引出三个关键性指标：价格、产量和成本。 2024年，公司矿产金产量是73吨，同比增长7.35%，矿产铜产量107万吨，同比增长5.94%。根据计划，2025年的矿产金和矿产铜产量分别是85吨和115万吨，分别增长16.4%和7.5%。 根据官方的披露，2028年矿产金将达到100-110吨，矿产铜将达到150万-160万吨，继续保持增长。 注意，重点来了。 截至2025年2月11日，国际金价一度突破2900美元/盎司，较去年同期增长45%左右；考虑到全球贸易和地缘政治冲突，以及美债危机等因素，全球央行都在不断买黄金，目前主流的预测是金价将在2025年达到3000美元/盎司。 另外，铜价目前来看趋于稳定，且支撑力很足。这样的话，销量和价格齐刷刷上涨，2025年一季度乃至全年的经营业绩，将继续保持高增长。 至于说成本方面，总体来看，单位成本是趋于下降的。以2024年上半年为例，金精矿和铜精矿单位销售成本分别下降2.5%和5.4%，毛利率得以提高了8个点左右。 理论上说，矿产价格越高，毛利率也就越高，盈利能力越出色。 可能有人担心紫金矿业会不会像煤炭企业一样，挖的越多储量就会越少，面临资源枯竭的问题？ 答案是，这种担心是多余的。 截至目前，紫金矿业的黄金储量是3528吨，排名国内第一、全球第九；铜矿储量是1亿吨，排名国内第一、全球第七。 注意，无论是金矿还是铜矿储量，这个数字都在不断增加。 最后，想特别说的是，紫金矿业业绩不断增长的背后，并购发挥了至关重要的作用。问题的核心是，并购尤其是跨国并购这件事，属于是知易行难，但紫金矿业已经证明，其每次并购尤其是逆周期并购，最终都能够带来巨额回报。 所以，咱们不得不佩服，紫金矿业这家公司是真的牛。 #强势机会##股市怎么看# 本文作者可以追加内容哦 ! 看财经,2025-02-13 16:28:05
紫金矿业：拟收购藏格矿业股份 可能涉及控制权变更,2025-01-11 09:00:00,http://caifuhao.eastmoney.com/news/20250110172317141130890,索拉财讯,"编辑 | 慧发布 紫金矿业集团股份有限公司（简称""紫金矿业""）于2025年1月10日发布公告，称正在与藏格矿业股份有限公司（简称""藏格矿业""，深交所上市公司，股票代码：000408）的主要股东就潜在收购事项进行商讨，该事项可能涉及藏格矿业的控制权变更。 公告显示，紫金矿业正与藏格矿业第一大股东西藏藏格创业投资集团有限公司（简称""藏格创投""）及其一致行动人、第二大股东宁波梅山保税港区新沙鸿运投资管理有限公司（简称""新沙鸿运投资""）就潜在收购藏格矿业股份进行商讨。 紫金矿业表示，本次收购尚需等待公司董事会的批准及收购协议的正式签署。公司将遵照香港联交所上市规则及证券及期货条例，于适当时候另行刊发公告，以向股东及潜在投资者通报最新情况。 值得注意的是，藏格矿业已于2025年1月9日晚间披露了《关于筹划公司控制权变更事项的公告》。紫金矿业此次公告是对该事项的回应和确认。 紫金矿业董事会提醒投资者及股东于买卖公司证券时，务须谨慎行事。截至公告发布日，紫金矿业尚未就潜在收购事项达成任何具有约束力的协议。 $紫金矿业(HK|02899)$$紫金矿业(SH601899)$ 本文作者可以追加内容哦 ! 索拉财讯",2025-01-11 09:00:00
紫金矿业，海外金矿被非法开采,2024-11-21 17:03:02,http://caifuhao.eastmoney.com/news/20241121170302175921210,浩海投研," 作者/星空下的锅包肉 编辑/菠菜的星空 排版/星空下的香菜 近日，“$紫金矿业(SH601899)$被贩毒集团掠夺3.2吨黄金，价值约2亿美元”的消息，在网络上迅速发酵。据网传，紫金矿业控股的Continental Gold Inc.（下称“大陆黄金”）旗下的武里蒂卡金矿，被一个贩毒集团夺取了大量矿道，正在进行非法开采。 来源：紫金矿业官网 而后，紫金矿业在公司官网上对此事作出了说明。简而言之就是，确实存在非法采矿，但目前损失不明。 来源：国际投行研究报告 近两年，在高金价的背景下，紫金矿业收获颇丰。2024年上半年，矿山产金实现收入163.15亿，同比增长了156.41%。不过需要说明的是，矿山产金仅占紫金矿业总收入10%左右。 整体来看，虽有高金价支撑，但紫金矿业收入增长并不强劲。尤其是对比另一矿业巨头——$洛阳钼业(SH603993)$，紫金矿业甚至略显乏力。 一、矿业增长，略显乏力 对矿业公司来讲，家里有矿才是第一生产力。 紫金矿业在矿产资源以及找矿勘探等方面具有较强优势。数据显示，截至2024年中，紫金矿业保有证实储量和可信储量：铜4,382万吨、金1,322吨、锌（铅）506万吨、银2,653吨、锂（LCE）505万吨。而且上半年，铜、金、银资源量较年初均有明显增加。 其中，铜、金是紫金矿业的业绩主力。上半年，铜业务销售收入占营收 29%（抵销后），毛利占集团毛利的49.1%。黄金业务销售收入占营收46.5%（抵销后），毛利占集团毛利的28.3%。 来源：紫金矿业2024年半年报 铜也是洛阳钼业的重要资源之一。但与紫金矿业相比，洛阳钼业的资源储量还存在不小的差距。截至2023年年报，洛阳钼业铜金属权益储量仅721.69万吨。 不过除铜外，洛阳钼业还是全球领先的钴、钼、钨、铌生产商。公司在刚果（金）运营两座世界级矿山TFM和KFM，合计具备年产60万吨铜、8.7万吨钴的生产能力。 从数据来看，2024年上半年，刚果（金）板块实现营业收入243.68亿元，同比增长444.78%，其中铜、钴销量分别暴涨510.53%、3,441.73%。公司整体来看，前三季度，洛阳钼业总营收1547.55亿，同比增长17.52%。 来源：洛阳钼业2024年半年报 相比之下，紫金矿业前三季度营收2303.96亿，仅同比增长2.39%。其中，矿产金产量同比增加8%，矿产铜产量同比增加 5%，矿产银产量同比增加7%，矿产锌产量同比下降 4%。虽然整体保持增长，但涨幅明显有限。 二、盈利能力，暴露差距 综上来看，在矿山开采业务上，紫金矿业略显乏力，而洛阳钼业增长强劲。不过在盈利能力上，却正相反。 一方面，矿业竞争实质是成本与价格的竞争，决定性的因素是资源禀赋。另一方面，洛阳钼业和紫金矿业的资源品类不同。尤其是在金价虽然降温，但仍居高不下的背景下，紫金矿业本就占着优势。 从结果来看，2024年前三季度，紫金矿业矿山企业毛利率为57.71%。而洛阳钼业产铜的毛利率是52.34%，其他金属大部分在30%+。 来源：洛阳钼业2024 年第三季度报告 此外，除自有矿山资源外，紫金矿业和洛阳钼业还有很大一部分贸易类业务。 2024年上半年，紫金矿业贸易精炼等其他业务实现收入1086.01亿，占总营收72.20%（内部抵消前）。洛阳钼业矿产贸易实现收入929.73亿，占总营收90.42%（内部抵消前）。 贸易类业务规模大、毛利率低。而洛阳钼业贸易收入占比更高，相应的，也进一步拉低了毛利率水平。 来源：2024年半年报数据，紫金矿业（左）洛阳钼业（右） 综合导致，2024年前三季度紫金矿业毛利率19.53%，洛阳钼业只有17.63%。注意，这是在上千亿营收规模下相差的两个点。 三、金融投资，雪上加霜 从净利维度来看，洛阳钼业与紫金矿业的盈利差距显然还不仅如此。 2024年前三季度，紫金矿业、洛阳钼业净利率分别为12.88%、6.15%，差距已有一倍左右。其背后，除毛利率差异外，公允价值变动损益也是一个重要因素。 上半年，洛阳钼业仅公允价值变动损益就亏了30个亿，其中，衍生金融工具是头号元凶。 来源：洛阳钼业2024年半年报 所谓衍生金融工具，包括指定套期关系的衍生金融工具（商品期货合约）和未指定套期关系的衍生金融工具（远期商品合约、远期外汇合约、商品期货合约、商品期权合约）。 对矿业公司来讲，套期保值是一个很常规的操作，通常通过购买商品期货合约，来对冲公司产品价格波动产生的风险。 不过从数据来看，洛阳钼业的衍生金融工具主要是没有指定套期关系的衍生金融工具。这点与紫金矿业恰恰相反。 来源：2024年半年报，紫金矿业（左）洛阳钼业（右） 由于未被指定为套期工具，其公允价值变动而产生的收益或损失，直接计入当期损益。投资有风险，从历史数据来看，洛阳钼业已然承担了不小的损失。 来源：iFinD-洛阳钼业 比起紫金矿业，洛阳钼业盈利本就不占优势。而金融投资，进一步雪上加霜。 注：本文不构成任何投资建议。股市有风险，入市需谨慎。没有买卖就没有伤害。 $五矿资本(SH600390)$ #【有奖】货币基金收益下滑，闲钱还能往哪里放？##紫金矿业上半年预赚126亿元# 本文作者可以追加内容哦 ! 浩海投研",2024-11-21 17:03:02
紫金矿业，彻底爆了！,2025-02-06 17:11:03,http://caifuhao.eastmoney.com/news/20250206171103460013090,看财经,$紫金矿业(SH601899)$紫金矿业（601899.SH），正在闷声发大财。 根据业绩预告显示，预计2024年净利润约320亿元，同比增长51.5%；扣非净利润314亿元，同比增长约45.3%。 拉长周期看，紫金矿业盈利能力变得越来越强。 2008年上市以来，营业收入连续17年上涨，从169.8亿元上涨至2934亿元；净利润则连续9年上涨，从16.56亿元增长至320亿元。 毫不夸张的说，“周期股”的紫金矿业，如今已经成为“超级成长股”！ 紫金矿业走牛最主要的原因是什么？ 答案是：黄金价格！ 2月5日，沪金主力合约涨3.37%；2月6日，收报671.25元/克，不断刷新历史新高。 咱们看一组数据。 2022年，涨9.89%； 2023年，涨17.61%； 2024年，涨28.44%； 截至2025年2月5日，年内涨幅又达到了8.5%。 过去三年时间，黄金价格涨了差不多90%；如果从2018年起算，过去六年时间，累计上涨了差不多150%！ 与此同时，紫金矿业的股价也水涨船高。 2020年以来，紫金矿业从2.3元启动，一路上涨至19.87元，累计涨幅达到了760%；需要特别强调的是，即便涨了这么多，目前的估值也不到14倍，为历史最低水平区间。 那么问题来了，黄金都已经涨了这么多年了，还会继续涨下去吗，紫金矿业往后的业绩会不会被打回原型？ 要回答这个问题，咱们从公司背景说起。 紫金矿业的前身是上杭县矿业公司，1993年改组为上杭县紫金矿业总公司，主要业务是开发建设上杭紫金山金矿。 当时的背景是，紫金矿业总公司只有1万元的开办费，且紫金山金矿因为品位低，被有关部门视为“鸡肋矿”，并不受重视。就是在这样的背景下，公司总经理通过对采矿技术进行多次升级改造，硬是让紫金山成为中国规模最大的金矿之一。 2003年，紫金矿业在港股上市；2008年，又在上交所上市。借着资本的力量，紫金矿业开始向全国扩张，从一家地方性企业成长为全国性矿业公司。 2013年开始，紫金矿业开启海外并购和投资；如今，紫金矿业已经成为了世界级的矿业巨头，黄金产量位居中国乃至亚洲第一、全球第七，铜产量位居中国第一、全球第五。 这么说吧，黄金和铜矿支撑起了紫金矿业成为全球矿业巨头。2024年上半年，内部抵消后，黄金和铜业务占总营收的比重分别是46.5%和29%。 所以，紫金矿业接下来盈利能力的好坏，主要取决于黄金和铜矿的价格及产量。 先说产量。 根据计划，2025年紫金矿业计划将矿产金产量从73吨提高至85吨，同比增长16.4%；矿产铜产量从107万吨提高至115万吨，同比增长7.5%。 再说价格。 黄金价格持续大涨的原因是什么？主要是经济不确定叠加地缘政治紧张，导致黄金的避免需求增加。 考虑到美国不断挥舞关税大棒，再加上美国国债已经突破36万亿美元，并且到年底可能进一步飙升至38万亿美元，目前主流的判断是，黄金价格会在2025年底前达到3000美元/盎司。 事实上，过去几年，不单单是黄金价格，铜的价格也不断上涨，于是形成共振效应，推动业绩快速增长。 除此之外，不得不提到开采成本。 2024年上半年，紫金矿业“金精矿”的单位销售成本是151.5元/克，同比下降2.5%，毛利率由58.37%提高至67.75%；“铜精矿”的单位销售成本是1.86万元/吨，同比下降5.41%，毛利率由60.55%提高至66.97%。 这么说吧，矿产的开采成本都是相对恒定的，甚至会略有下降。这样一来的话： 如果矿产价格继续上涨，紫金矿业的毛利率水平会进一步上涨；如果毛利率上涨再叠加销量上涨，那么业绩增速势必进一步提高。 最后要说的是，紫金矿业从一家濒临破产的地方性公司到全球性巨头的过程中，并购尤其是反周期买矿，发挥了至关重要的作用。 2012年至今，紫金矿业累计并购金额超过了600亿元。如果换做其他公司，可能弄得一团糟，或者形成一堆商誉或无形资产，但是，紫金矿业却创造了十几年的高速增长，盈利能力越来越出色，每一步并购大棋都带来了巨大的回报。 2025年1月16日，紫金矿业发布公告，以137亿元并购藏格矿业24.82%的股份，获得其控制权。这次并购后，将进一步抄底钾肥尤其是锂矿资源的储备。 大家觉得，这次反周期抄底，会不会带来业绩新一轮的增长？ #强势机会##股市怎么看# 本文作者可以追加内容哦 ! 看财经,2025-02-06 17:11:03
热衷买矿的紫金矿业，又大幅融资补血了,2024-06-19 23:41:01,http://caifuhao.eastmoney.com/news/20240619234101211306570,雷达财经,雷达财经鸿途出品 文|李亦辉 编|深海 有着“矿茅”之称的紫金矿业，正在大举融资。 6月18日早间，紫金矿业发布公告，面向海外投资者完成港股市场再融资25亿美元，其中可转债20亿美元，配售5亿美元。按当日汇率计算，此笔融资金额高达181.4亿元人民币。根据Wind统计，这将是紫金矿业史上规模最大的一笔融资。 今年以来，受益于金铜价格的上涨，紫金矿业A、H股价均创下历史新高，其中A股市值目前已突破4500亿元。就在股价处于历史高位之际，紫金矿业本次启动的可转债和配售均实现了数倍的超额认购，认购资金多为全球知名的长线基金、对冲基金。 但正如紫金矿业官方发文所言，“矿业天生是高风险、高回报的行业”。“矿茅”在市值与业绩新高之际，也因为过去数年间的收购和运营境外资产过程中，积累了巨额债务。截至今年一季度末，公司负债合计2075亿元，其中短期借款为241.6亿元，而公司账上货币资金仅211.5亿元，不足以覆盖短期借款。 据披露，紫金矿业此次债券发行的募集资金主要用于偿还其境外债务；而配售的募集资金，计划用于海外市场的业务营运及发展，包括并购、营运资金及一般企业用途。 言下之意是，除了偿还境外债务，公司或将继续在海外买矿。然而，近期加拿大矿企Solaris Resources表示，公司已经放弃向紫金矿业出售少数股权的计划，这让紫金矿业的海外扩张遭遇波折。 拟融资超180亿元 有色、黄金牛市到来，紫金矿业大象起舞，公司股价一路上行。行情数据显示，2024年以来，该公司A股累计涨幅约41%，在最高点时总市值一度突破5000亿元，目前回落至4560亿元。 伴随着股价走牛，公司开启了大手笔的融资。根据公告，6月17日，公司根据一般性授权拟发行可转换公司债券以及配售新H股。 其中，在发行可转换公司债券方面，紫金矿业与全资子公司金极资本在当日盘后与承销商签署认购协议。 根据该协议的条款及条件，承销商分别而非连带地同意认购和支付，或促使认购人认购和支付金极资本发行的本金总金额为20亿美元的债券。上述债券可在认购协议约定的条款及条件下转换为公司H股普通股股票。 配售新H股方面，紫金矿业与配售代理签署配售协议。根据该协议，配售代理有条件同意促使不少于六名承配人购买股份，否则由配售代理自行购买总计2.52亿股配售股份，配售价格为每股配售股份 15.5港元（较6月17日收盘价折让5.02%），配售的募集资金净额（扣除配售佣金和其他相关费用后）预计约为38.71亿港元。 上述眼花缭乱的再融资“组合拳”，被紫金矿业官微文章描述为：公司于6月17日当天收盘后“闪电”般启动发行，可转债和配售均实现了数倍的超额认购，认购资金多为全球知名的长线基金、对冲基金。 据其介绍，最终公司面向海外投资者完成港股市场再融资25亿美元，其中可转债20亿美元，配售5亿美元。本次股本发行最终定价在5%的折扣，可转债的票息1%、转股溢价为28%（相比于配售股价）。 合计25亿美元的融资，按照当前汇率，约合人民币181.4亿元。对于资金的用途，根据公告，此次债券发行的募集资金主要用于偿还其境外债务；配售的募集资金用于海外市场的业务营运及发展，包括并购、营运资金及一般企业用途。 紫金矿业发文进一步透露，公司通过25亿美金置换高利率美元债务，将对降低财务费用，优化资产负债结构形成实质性利好。据初步测算，仅置换高利率的美元负债，每年可节约财务费用超过10亿元人民币。 雷达财经注意到，近年来紫金矿业融资动作频频。Wind数据显示，在2023年全年，该公司更是完成了6笔直接融资，其中包括发行公司债、中期票据和短期融资券，合计融资金额达到72.5亿元。 今年5月，紫金矿业在上海证券交易所成功公开发行2024年面向专业投资者科技创新公司债券(第一期)，融资规模为20亿元。 与此同时，紫金矿业也通过抵押资产获取资金。2023年年报显示，紫金矿业2020年收购西藏巨龙铜业50.10%权益。2021 年巨龙铜业以驱龙铜多金属矿采矿权、知不拉铜多金属矿采矿权、荣木错拉探矿权及一批机械设备等动产为抵押物，向多家金融机构进行银团抵押贷款用于置换并购前的 2017年银团抵押贷款，期限 12 年。截至期末，上述抵押借款余额为103亿元。 此外，紫金矿业还在推进发行不超过100亿元A股可转换公司债券事项。4月17日，公司在互动平台上回复投资者称，可转债再融资工作正在积极推进中，有关事项尚需提交股东大会审议。 上市后一直“买买买” 大举融资的背后，紫金矿业曾在全球多地买矿而引发广泛关注。 公开资料显示，紫金矿业前身为1986年成立的上杭县矿产公司，到1992年公司总资产300多万元，负债超90%，员工仅76人；1993年，因启动紫金山金矿开发，公司更名为“上杭县紫金矿业总公司”，由此开启了“紫金矿业”元年。 2000年，紫金矿业完成了股份制改造，三年后在香港上市成功。 筹得巨款的紫金矿业开始急速扩张，至2007年时，紫金矿业的营业收入已从四年前的10.5亿元增加到148.71亿元，由此成为国内主流的矿产企业。 2008年4月，紫金矿业回归A股，在资本助力下开启新一轮扩张。当时金融危机过后，紫金矿业将投资重点放在了海外市场。 Choice数据显示，2009年至2021年期间，紫金矿业几乎每年进行数起并购交易。其中，2015年和2020年是收购高峰，交易金额分别约49亿元、121亿元。 2022年，是紫金矿业的又一个并购大年。比如，公司以48.35亿元成对加拿大新锂公司100%股权并购的交割；以77亿元拿下盾安集团旗下四项资产包，包括西藏拉果错盐湖锂矿70%权益等；出资17.99亿元收购厚道矿业合计71.13%的股权；以59.1亿元获得安徽金沙钼业有限公司84%股权等等。 雷达财经曾统计，2022年紫金矿业仅买矿就耗资314.37亿元。如果算上以17.34亿元拿下龙净环保控股权，以及16.14亿元受让江南化工11.99%的股权，年内“买买买”模式下合计支出金额高达347.85亿元。 截至目前，紫金矿业的海外资产占比已不低。2023年年报显示，公司的境外资产为1443亿元，占总资产的比例为42%，旗下资产包括左岸金矿、博尔铜矿等并购资产。 不过，公司海外并购也有“失手”的时候。据媒体报道，近期，加拿大矿企Solaris Resources表示，公司已经放弃向紫金矿业出售少数股权的计划，因为公司担心该交易不太可能及时满足加拿大的外国投资标准。 此前今年1月，Solaris 宣布计划以1.3亿加元(约合9500 万美元)向紫金矿业出售15%的股份，以帮助开发厄瓜多尔的 Warintza 铜矿项目。但这笔交易需要根据《加拿大投资法》获得批准。 作为公司的董事长，现年67岁的陈景河，在紫金矿业全球扩张期间发挥的作用举足轻重。其在发表2023年新年致辞时明确提出，未来三年公司将寻找恰当市场机会，并购全球大型矿业公司，显著增加公司资源储量和产能。 不难发现，紫金矿业仍在追求更多更好的矿产资源。数据显示，公司2023年的资本开支创下历史最高，达304亿元（购建固定资产、无形资产和其他长期资产支付的现金）。 不过在今年初，陈景河将“奋发有为、改革创新、高度适配、控制风险”确立为公司总体原则，明确提出“公司在新的发展阶段，高质量发展是基本要求”。紫金矿业称，这意味着未来五年征程中，公司将更加重视内生增长、体系适配、风险控制等问题。 一季度货币资金难以覆盖短债 伴随着资本开支创下历史新高，紫金矿业去年的净利也首次突破200亿元。 同花顺iFinD数据显示，紫金矿业在2023年的营收为2934.03亿元，和上年同期相比增加8.54%；归属于上市公司股东的净利润为211.19亿元，同比增加5.38%。 年报显示，公司主要生产黄金、铜、铅锌及其他金属的矿产品或冶炼产品，并将其出售以获得收入。其中，铜、金为公司主力矿种。 2023年，黄金价格持续偏强再创历史新高；铜价因新能源需求持续强劲，表现相对坚挺。今年一季度以来，铜、金“身价”持续上涨。 受此影响，一季度紫金矿业实现营业收入约747.8亿元，同比下降0.22%；实现归属于上市公司股东的净利润62.6亿元，同比增长约15.05%。 业绩之外，更加值得关注的是，多年并购之后，紫金矿业资产与资金状况如何呢？ 根据公司2024年一季报，截至报告期末公司资产总计3559.07亿元，负债合计2074.76亿元，折算资产负债率为58.3%。 虽然负债率不算太高，但公司仍面临着短期偿债压力。截至今年一季度末，紫金矿业超四成的负债是流动负债，其中短期借款为241.6亿元，一年内到期的非流动负债193.4亿元，而公司账上货币资金仅211.5亿元，不足以覆盖短期借款。 在此背景下，不光是陈景河将“控制风险”确立为公司总体原则之一，投资人也对公司投资并购、融贸建设等方面工作提出了建议，特别提到面对当前复杂的宏观政治环境，公司要高度关注各类风险。 “逆周期投资并购，顺周期积累现金”，部分投资人明确提到希望公司善用周期思维和资本工具寻求长期稳健发展，紫金矿业称。 不过，正是由于矿业是一门周期性极强的生意，在疯狂“囤矿”之后，紫金矿业后续能否顺利兑现业绩，仍值得进一步关注。 $紫金矿业(HK|02899)$ 本文作者可以追加内容哦 ! 雷达财经,2024-06-19 23:41:01
后浪森林·商业史 | 紫金矿业并购史，及其反周期逻辑（三）,2023-12-27 08:30:00,http://caifuhao.eastmoney.com/news/20231226222451094730810,成长企业常识,后浪森林研究室|序夹为 编辑|罗周 统筹、编辑助理|许佳维 1997年，紫金矿业的紫金山金矿成为“中国第一大金矿”。2000年，紫金矿业矿产金量已居中国第二位，总资产6亿、收入约4亿。这是8年前的200倍。 2001年8月，紫金山金矿“新勘探报告”通过国土资源部评审，确认金矿储量138.4吨，是当初探明储量结论的25倍。 买矿，买矿！ 2001年中国允许探矿权、采矿权转让，紫金矿业扩张初期，大部分选择别人放弃的矿山，通过创新和科研提高资源利用率，使“问题矿山”起死回生。 2002年，低价收购了贵州水银洞金矿、新疆阿舍勒铜锌矿、吉林珲春金铜矿、西玉龙铜矿四个矿。 这其中，通过“加温常压化学预氧化处理湿法提金工艺”，解决了“卡林型”难选冶金矿，为“贵州水银洞金矿”开发提供技术支持，一年之后，“贵州水银洞金矿”生产出第一块纯度99.99％黄金，达到国标一号金标准。 同样，紫金矿业2002年在铜价低迷时入主的“阿舍勒铜矿”，2018年铜产量连续三年超过4万吨，铅锌矿产量突破9000吨。 紫金矿业在2002年完成一系列收购后，成为全国最大5家金矿企业之一，探明及推定储量达到187.8吨。 2006年开始，紫金矿业从金业务延伸到了铜、锌、铁、钼、锡领域，并购了青海德尔尼铜矿、西藏玉龙铜矿、黑龙江多宝山铜矿、新疆蒙库铁矿，成为中国控制金属矿产资源最多的公司。 全球化并购 紫金矿业2005年起开始布局海外，第一个项目是“加拿大顶峰矿业公司”，以195万加元获得顶峰矿业21%股份。 更重要的意义在于，紫金矿业由此可参与到加拿大不列颠哥伦比亚省北北的勘探，其中包括著名的Barrick GOLD公司的Eskay Creek金矿项目。 2006年，其通过股权并购控股了“蒙古纳日陶勒盖金矿”、“越南大班铅锌矿”及周边铁矿，并入股“南非矿务公司Ridge Mining”成为最大股东。 2007年，紫金矿业联合铜陵有色金属集团、厦门建发股份成立厦门紫金铜冠，并以此为载体以14亿元收购英国“蒙特瑞科公司（Monterrico）”90%股份。蒙特瑞科核心资产是秘鲁马哈斯公司旗下的白河铜矿矿业权，这是一处未经开发的特大型铜矿。 2007年，紫金矿业黄金产量排名居世界第10位。 金融危机后的2008年，紫金矿业再度逆势扩张，先是斥资33.68亿元收购澳大利亚Indophil公司，后因当地政府阻挠终止。随后买下了加拿大矿业公司Continental Gold，获得了其位于哥伦比亚西北部的Buritic黄金项目。 “紫金矿业逻辑” 多年收购经验，陈景河摸透了其规律与周期，总结得出：“反周期买矿、小投入增储、低成本采矿”。这是紫金矿业增长之道。 2009年，紫金矿业33.68亿元收购澳洲铜金矿公司。 2011年，收购吉尔吉斯坦第三大金矿奥同克60%股份，核心资产左岸金矿。 2012年，收购诺顿金田89.15%权益，为中国企业收购海外在产大型黄金矿山的第一例。2015年6月，紫金获得诺顿100%权益。诺顿金田在卡尔古利的采选生产基地统称为“ 帕丁顿金矿” 。 2014年12月，收购刚果穆索诺伊矿业简易股份公司51%股份，成为控股股东，又从华友钴业买来21%股份，当前权益72%，其余28%股份为刚果（金）政府持有。 2015年是紫金矿业并购之年。这一年因为国际铜价、金价低谷，紫金矿业施以低价策略大举收购。6月，以每股0.1澳元的价格收购澳大利亚凤凰黄金公司股份，其中凤凰黄金公司股价总值达4700万澳元（约合2.26亿元人民币）；收购巴里克（新几内亚）有限公司50%股权+50%债权；作价4.12亿美元收购刚果（金）卡莫阿控股公司49.5%股权，现在卡库拉跻身世界第四大铜矿，也是世界上最大的高品位、未开发铜矿。 2018年，3.5 亿美元收购塞尔维亚RTB Bor 铜矿63% 股权，承诺将在交易完成后六年内累计投入12.6 亿美元、含增资款3.5 亿美元，用于旗下四个矿山和一个冶炼厂技改扩建或新建。 2019年，13.9亿美元收购Nevsun 100%股权，旗下拥有塞尔维亚Timok 铜金矿及非洲厄立特里亚在产矿山Bisha 铜锌矿，在塞尔维亚、厄立特里亚、马其顿合计拥有27 个探矿权。这是紫金矿业单笔最大规模收购，为配合本次要约收购，2019年1月，紫金矿业公开定增募资80亿元。 2020年，收购武里蒂卡金矿、西藏巨龙铜业50.1%权益、圭亚那奥罗拉金矿100%权益。 2021年开始，紫金矿业开始向锂矿进军。 2021年，完成了对阿根廷3Q锂盐湖的并购，正式开始布局新能源金属赛道。 2022年4月，出资76.82亿元收购收购西藏拉果错盐湖锂矿70%权益。 6月，以18亿元收购湖南厚道矿业有限公司71.14%股权，厚道矿业持有湘源锂多金属矿采矿权100%权益。 “两湖一矿”项目使紫金矿业锂资源量达1215.21万吨，全球排名第9，国内第3，仅次于赣锋和天齐锂业，公司计划2025年生产当量碳酸锂12万吨。 2022年10月，40亿元收购海域金矿项目权益；26亿元收购南美最大在产金矿之一的Rosebel金矿项目；59亿元揽获位于安徽的全球储量最大单体钼矿。 次月40.63亿元收购招金矿业20%股权及海域金矿30%权益及16.14亿元收购江南化工11.99%股份，增至21.81%。 仅2022年内，紫金矿业矿产收购和股权交易超过10宗，累计花费近350亿元。 2023年放缓了并购速度 进入2023年，紫金矿业似乎放缓了并购速度，全年只有两单并购记录。 7月，通过增资天齐获得盛合锂业20%股份，并获得川西核心锂矿雅江措拉锂矿少数权益。 8月，紫金矿业16.46亿元收购中汇实业48.591%股权，进而获得国内未开发超大型铜矿西藏朱诺铜矿相对控股权。 紫金矿业称，矿业并购要“算自己的账”，不买溢价过高的资产。 陈景河曾在2023年新年致辞称，“继续并购全球大型矿业公司，显著增加资源储量和产能。5年再造一个紫金矿业，到2030年，紫金矿业的主要经济指标和铜、金矿产品产量要进入全球前3-5位。” $紫金矿业(SH601899)$$紫金矿业(HK|02899)$ 本文作者可以追加内容哦 ! 成长企业常识,2023-12-27 08:30:00
紫金矿业“盐湖夺锂”欲入主藏格矿业,2025-01-10 15:51:05,http://caifuhao.eastmoney.com/news/20250110155105843772230,真锂研究,1月10日，藏格矿业停牌，紫金矿业开盘上涨2%，主力资金5日累计净流入近6亿元。这一些变动，只因1月9日晚间的一则公告——藏格矿业公告称其控股股东等拟将24.72%的股份转给紫金矿业或其控股子公司。 1月10日早间，紫金矿业也发布公告称，公司正与藏格矿业第一大股东西藏藏格创业投资集团有限公司及其一致行动人、第二大股东宁波梅山保税港区新沙鸿运投资管理有限公司就潜在收购事项进行商讨，可能涉及藏格矿业的控制权变更。 据相关报道透露，紫金矿业此举主要是看上了藏格矿业拥有的盐湖锂资源。 相关资料显示，藏格矿业是一家专注于矿产资源开发与综合利用的企业，公司主要产品为氯化钾和碳酸锂。藏格矿业为国内第二大氯化钾生产企业，全球盐湖提锂技术工艺领先企业。 藏格矿业通过藏青基金目前持有西藏麻米措盐湖24%权益，而麻米措盐湖已探明的可利用氯化锂储量约250.11万吨，折合碳酸锂约217.74万吨。目前麻米措项目规划10万吨碳酸锂产能，一期5万吨项目采矿证办理正在推进中。此外，藏格矿业还参股相关盐湖提锂13万吨的碳酸锂产能。 然而，与此同时，紫金矿业却是一家全球著名综合矿业企业，主要从事铜、金、锌、锂、银、钼等金属矿产资源勘查、开发及工程设计、技术应用研究。目前，随着锂电新能源的快速发展，紫金矿业正在快速扩充其碳酸锂产量，2024年其碳酸锂产量达到2.5万吨，预计到2025年预计产量将达到12万~15万吨。 快速增长的碳酸锂产量，使得紫金矿业对于锂矿需求大幅增长，尤其是对低成本、优质锂资源的渴望就显得格外迫切。 目前，紫金矿业正在加速在西藏拉果错盐湖锂矿、湖南道县湘源硬岩锂多金属矿，以及海外阿根廷3Q盐湖锂矿等项目中的锂矿产量和资源布局。 紫金矿业此次如果能成功收购藏格矿业，不仅能为藏格矿业带来更多的投资、改善经营，加快锂资源的开发；同时还将显著增加其低成本盐湖提锂产能，并且在基础设施和工艺方面有望发挥协同优势。 截至2024年前三季度，紫金矿业的营业收入约为2303.96亿元，同比增长2.39%，归母净利润达到243.57亿元，同比增长50.68%，在一众矿业企业当中，紫金矿业的业绩也算可圈可点。紫金矿业表示，锂要成为公司未来几年最重要的增量板块，努力成为全球锂产业的重要企业之一。$紫金矿业(SH601899)$ 本文作者可以追加内容哦 ! 真锂研究,2025-01-10 15:51:05
